key,Pr0:cn.cj.pe
alias,Pri0
unit,(KB)
begin date,2018-02-03
end date,2018-02-03
count,33

,total,dalvik,native
min,98468.0,52512.0,33852.0
max,114456.0,68392.0,33992.0
avg,106275.0,60076.0,33964.0

14:12:03.249,111128,64396,33952
14:12:04.794,111156,64420,33952
14:12:06.309,111992,65172,33956
14:12:07.854,111572,65612,33868
14:12:09.367,112280,66164,33868
14:12:10.910,107420,61912,33852
14:12:12.400,112596,67072,33852
14:12:13.917,113832,68292,33852
14:12:15.446,113884,68292,33852
14:12:16.964,114456,68392,33992
14:12:18.519,104184,58084,33992
14:12:20.073,104368,58208,33992
14:12:21.573,104688,58508,33992
14:12:23.097,105128,58892,33992
14:12:24.640,105648,59352,33992
14:12:26.163,106212,59852,33992
14:12:27.675,106816,60396,33992
14:12:29.205,107904,61392,33992
14:12:30.717,108676,62096,33992
14:12:32.246,107976,62196,33992
14:12:33.758,108036,62196,33992
14:12:35.280,108092,62196,33992
14:12:36.774,98468,52512,33992
14:12:38.290,98532,52512,33992
14:12:39.834,98592,52512,33992
14:12:41.435,98880,52744,33992
14:12:43.047,99284,53092,33992
14:12:44.648,101056,54660,33992
14:12:46.250,101628,55172,33992
14:12:47.785,102224,55712,33992
14:12:49.307,102768,56204,33992
14:12:50.858,103512,56880,33992
14:12:52.426,104116,57432,33992

