key,Pcp3:cn.cj.pe:sync
alias,PCP3
unit,(%)
begin date,2018-02-03
end date,2018-02-03
count,1104

min,0.0%
max,0.48%
avg,0.01%

19:21:17.202,0.0%
19:21:18.466,0.0%
19:21:20.005,0.0%
19:21:21.523,0.0%
19:21:23.055,0.0%
19:21:24.625,0.16%
19:21:26.159,0.0%
19:21:27.637,0.0%
19:21:29.355,0.0%
19:21:30.949,0.0%
19:21:32.558,0.0%
19:21:34.137,0.0%
19:21:35.685,0.0%
19:21:37.309,0.0%
19:21:38.919,0.16%
19:21:40.554,0.0%
19:21:42.145,0.0%
19:21:43.737,0.0%
19:21:45.352,0.0%
19:21:46.965,0.0%
19:21:48.536,0.0%
19:21:50.079,0.0%
19:21:51.659,0.0%
19:21:53.205,0.0%
19:21:54.745,0.0%
19:21:56.276,0.0%
19:21:57.823,0.0%
19:21:59.367,0.0%
19:22:01.076,0.0%
19:22:02.688,0.15%
19:22:04.222,0.0%
19:22:05.801,0.0%
19:22:07.390,0.0%
19:22:08.964,0.0%
19:22:10.534,0.0%
19:22:12.146,0.0%
19:22:13.754,0.0%
19:22:15.318,0.0%
19:22:16.871,0.0%
19:22:18.440,0.0%
19:22:20.011,0.0%
19:22:21.620,0.0%
19:22:23.180,0.16%
19:22:24.745,0.0%
19:22:26.337,0.0%
19:22:27.897,0.0%
19:22:29.477,0.0%
19:22:31.148,0.0%
19:22:32.738,0.0%
19:22:34.308,0.0%
19:22:35.879,0.0%
19:22:37.467,0.0%
19:22:39.014,0.0%
19:22:40.596,0.0%
19:22:42.154,0.0%
19:22:43.692,0.0%
19:22:45.262,0.32%
19:22:46.853,0.0%
19:22:48.439,0.0%
19:22:50.016,0.0%
19:22:51.548,0.0%
19:22:53.097,0.0%
19:22:54.668,0.0%
19:22:56.257,0.0%
19:22:57.850,0.0%
19:22:59.415,0.0%
19:23:01.044,0.0%
19:23:02.624,0.0%
19:23:04.205,0.0%
19:23:05.790,0.0%
19:23:07.385,0.0%
19:23:08.965,0.0%
19:23:10.510,0.0%
19:23:12.053,0.0%
19:23:13.628,0.0%
19:23:15.201,0.0%
19:23:16.757,0.0%
19:23:18.364,0.0%
19:23:19.935,0.16%
19:23:21.518,0.0%
19:23:23.052,0.0%
19:23:24.614,0.0%
19:23:26.187,0.0%
19:23:27.768,0.0%
19:23:29.342,0.0%
19:23:30.935,0.0%
19:23:32.478,0.0%
19:23:34.063,0.16%
19:23:35.638,0.0%
19:23:37.248,0.0%
19:23:38.808,0.0%
19:23:40.275,0.0%
19:23:41.758,0.0%
19:23:43.356,0.0%
19:23:44.923,0.0%
19:23:46.520,0.0%
19:23:48.188,0.0%
19:23:49.742,0.0%
19:23:51.290,0.0%
19:23:52.844,0.0%
19:23:54.423,0.0%
19:23:56.041,0.0%
19:23:57.608,0.16%
19:23:59.212,0.0%
19:24:00.813,0.0%
19:24:02.445,0.0%
19:24:04.021,0.0%
19:24:05.607,0.0%
19:24:07.162,0.0%
19:24:08.693,0.0%
19:24:10.212,0.0%
19:24:11.730,0.0%
19:24:13.282,0.0%
19:24:14.848,0.0%
19:24:16.444,0.0%
19:24:17.999,0.0%
19:24:19.585,0.0%
19:24:21.203,0.0%
19:24:22.742,0.0%
19:24:24.311,0.0%
19:24:25.893,0.16%
19:24:27.409,0.0%
19:24:29.003,0.0%
19:24:30.592,0.0%
19:24:32.282,0.0%
19:24:33.880,0.0%
19:24:35.469,0.0%
19:24:37.004,0.0%
19:24:38.579,0.0%
19:24:40.120,0.0%
19:24:41.675,0.0%
19:24:43.272,0.0%
19:24:44.817,0.0%
19:24:46.365,0.0%
19:24:47.933,0.0%
19:24:49.472,0.0%
19:24:51.061,0.0%
19:24:52.663,0.0%
19:24:54.196,0.0%
19:24:55.718,0.16%
19:24:57.271,0.0%
19:24:58.836,0.0%
19:25:00.372,0.0%
19:25:01.952,0.0%
19:25:03.492,0.0%
19:25:05.100,0.0%
19:25:06.692,0.0%
19:25:08.286,0.0%
19:25:09.852,0.0%
19:25:11.382,0.0%
19:25:12.945,0.0%
19:25:14.547,0.0%
19:25:16.152,0.0%
19:25:17.736,0.0%
19:25:19.252,0.0%
19:25:20.798,0.0%
19:25:22.361,0.0%
19:25:23.953,0.16%
19:25:25.585,0.0%
19:25:27.148,0.0%
19:25:28.710,0.0%
19:25:30.262,0.0%
19:25:31.820,0.0%
19:25:33.400,0.0%
19:25:34.975,0.0%
19:25:36.498,0.0%
19:25:38.073,0.0%
19:25:39.620,0.0%
19:25:41.217,0.0%
19:25:42.779,0.0%
19:25:44.330,0.0%
19:25:46.053,0.0%
19:25:47.607,0.0%
19:25:49.214,0.15%
19:25:50.753,0.0%
19:25:52.287,0.0%
19:25:53.859,0.0%
19:25:55.464,0.0%
19:25:57.074,0.0%
19:25:58.616,0.0%
19:26:00.149,0.0%
19:26:01.693,0.0%
19:26:03.286,0.0%
19:26:04.844,0.0%
19:26:06.399,0.0%
19:26:07.955,0.0%
19:26:09.533,0.0%
19:26:11.114,0.0%
19:26:12.681,0.0%
19:26:14.244,0.0%
19:26:15.859,0.0%
19:26:17.471,0.15%
19:26:19.086,0.0%
19:26:20.688,0.0%
19:26:22.252,0.0%
19:26:23.791,0.0%
19:26:25.386,0.0%
19:26:26.978,0.0%
19:26:28.533,0.0%
19:26:30.087,0.0%
19:26:31.693,0.0%
19:26:33.262,0.0%
19:26:34.815,0.0%
19:26:36.357,0.0%
19:26:37.940,0.0%
19:26:39.506,0.0%
19:26:41.070,0.0%
19:26:42.632,0.0%
19:26:44.206,0.0%
19:26:45.849,0.16%
19:26:47.566,0.0%
19:26:49.122,0.0%
19:26:50.640,0.0%
19:26:52.189,0.0%
19:26:53.753,0.0%
19:26:55.325,0.0%
19:26:56.888,0.0%
19:26:58.481,0.0%
19:27:00.013,0.0%
19:27:01.604,0.0%
19:27:03.148,0.0%
19:27:04.729,0.0%
19:27:06.293,0.0%
19:27:07.896,0.0%
19:27:09.468,0.0%
19:27:11.019,0.0%
19:27:12.585,0.16%
19:27:14.140,0.0%
19:27:15.766,0.0%
19:27:17.468,0.0%
19:27:19.054,0.0%
19:27:20.627,0.0%
19:27:22.190,0.0%
19:27:23.732,0.0%
19:27:25.324,0.0%
19:27:26.892,0.0%
19:27:28.468,0.0%
19:27:30.048,0.0%
19:27:31.617,0.0%
19:27:33.161,0.16%
19:27:34.717,0.0%
19:27:36.261,0.0%
19:27:37.853,0.0%
19:27:39.423,0.0%
19:27:40.979,0.0%
19:27:42.508,0.0%
19:27:44.075,0.0%
19:27:45.676,0.0%
19:27:47.305,0.0%
19:27:48.897,0.0%
19:27:50.481,0.48%
19:27:52.041,0.0%
19:27:53.605,0.0%
19:27:55.185,0.0%
19:27:56.742,0.0%
19:27:58.325,0.0%
19:27:59.927,0.0%
19:28:01.472,0.0%
19:28:03.060,0.0%
19:28:04.630,0.0%
19:28:06.176,0.0%
19:28:07.736,0.0%
19:28:09.301,0.0%
19:28:10.889,0.0%
19:28:12.417,0.0%
19:28:13.960,0.0%
19:28:15.538,0.0%
19:28:17.183,0.0%
19:28:18.743,0.0%
19:28:20.315,0.0%
19:28:21.850,0.0%
19:28:23.418,0.0%
19:28:24.979,0.0%
19:28:26.592,0.0%
19:28:28.182,0.0%
19:28:29.749,0.0%
19:28:31.291,0.0%
19:28:32.845,0.0%
19:28:34.397,0.0%
19:28:35.992,0.0%
19:28:37.601,0.0%
19:28:39.133,0.0%
19:28:40.674,0.0%
19:28:42.224,0.0%
19:28:43.767,0.0%
19:28:45.376,0.0%
19:28:47.064,0.0%
19:28:48.640,0.0%
19:28:50.210,0.0%
19:28:51.763,0.0%
19:28:53.301,0.0%
19:28:54.861,0.16%
19:28:56.453,0.0%
19:28:58.029,0.0%
19:28:59.610,0.0%
19:29:01.230,0.0%
19:29:02.799,0.0%
19:29:04.409,0.0%
19:29:06.011,0.0%
19:29:07.571,0.0%
19:29:09.139,0.0%
19:29:10.711,0.0%
19:29:12.297,0.16%
19:29:13.869,0.0%
19:29:15.432,0.0%
19:29:17.041,0.0%
19:29:18.611,0.0%
19:29:20.167,0.0%
19:29:21.723,0.0%
19:29:23.269,0.0%
19:29:24.851,0.0%
19:29:26.403,0.0%
19:29:27.996,0.0%
19:29:29.516,0.0%
19:29:31.134,0.15%
19:29:32.684,0.0%
19:29:34.250,0.0%
19:29:35.847,0.0%
19:29:37.407,0.0%
19:29:38.945,0.0%
19:29:40.532,0.0%
19:29:42.143,0.0%
19:29:43.701,0.0%
19:29:45.285,0.0%
19:29:46.959,0.15%
19:29:48.534,0.0%
19:29:50.123,0.0%
19:29:51.688,0.0%
19:29:53.257,0.0%
19:29:54.838,0.0%
19:29:56.449,0.0%
19:29:58.031,0.0%
19:29:59.587,0.0%
19:30:01.160,0.16%
19:30:02.717,0.0%
19:30:04.325,0.0%
19:30:05.905,0.0%
19:30:07.538,0.0%
19:30:09.094,0.0%
19:30:10.620,0.0%
19:30:12.143,0.0%
19:30:13.698,0.0%
19:30:15.274,0.0%
19:30:16.831,0.0%
19:30:18.421,0.0%
19:30:19.973,0.16%
19:30:21.488,0.0%
19:30:23.064,0.0%
19:30:24.646,0.0%
19:30:26.220,0.0%
19:30:27.835,0.0%
19:30:29.393,0.0%
19:30:31.029,0.0%
19:30:32.578,0.0%
19:30:34.127,0.0%
19:30:35.694,0.0%
19:30:37.292,0.0%
19:30:38.850,0.16%
19:30:40.406,0.0%
19:30:41.982,0.0%
19:30:43.545,0.0%
19:30:45.091,0.0%
19:30:46.674,0.0%
19:30:48.233,0.0%
19:30:49.783,0.0%
19:30:51.327,0.0%
19:30:52.883,0.0%
19:30:54.501,0.0%
19:30:56.098,0.0%
19:30:57.675,0.0%
19:30:59.209,0.16%
19:31:00.804,0.0%
19:31:02.392,0.0%
19:31:04.000,0.0%
19:31:05.574,0.0%
19:31:07.127,0.0%
19:31:08.644,0.0%
19:31:10.199,0.0%
19:31:11.744,0.0%
19:31:13.328,0.0%
19:31:14.899,0.0%
19:31:16.476,0.0%
19:31:18.041,0.16%
19:31:19.584,0.0%
19:31:21.113,0.0%
19:31:22.707,0.0%
19:31:24.288,0.0%
19:31:25.839,0.0%
19:31:27.397,0.0%
19:31:28.970,0.0%
19:31:30.524,0.0%
19:31:32.125,0.0%
19:31:33.729,0.0%
19:31:35.237,0.17%
19:31:36.793,0.0%
19:31:38.355,0.0%
19:31:39.935,0.0%
19:31:41.523,0.0%
19:31:43.147,0.0%
19:31:44.718,0.0%
19:31:46.266,0.0%
19:31:47.801,0.0%
19:31:49.364,0.0%
19:31:50.921,0.0%
19:31:52.455,0.34%
19:31:54.055,0.0%
19:31:55.644,0.0%
19:31:57.211,0.0%
19:31:58.853,0.0%
19:32:00.412,0.0%
19:32:02.026,0.0%
19:32:03.581,0.0%
19:32:05.153,0.0%
19:32:06.720,0.0%
19:32:08.273,0.0%
19:32:09.814,0.0%
19:32:11.359,0.0%
19:32:12.910,0.0%
19:32:14.463,0.0%
19:32:16.083,0.0%
19:32:17.623,0.0%
19:32:19.184,0.0%
19:32:20.733,0.0%
19:32:22.324,0.0%
19:32:23.897,0.0%
19:32:25.460,0.0%
19:32:27.007,0.0%
19:32:28.591,0.0%
19:32:30.145,0.0%
19:32:31.725,0.0%
19:32:33.269,0.0%
19:32:34.860,0.0%
19:32:36.444,0.0%
19:32:38.060,0.0%
19:32:39.642,0.16%
19:32:41.193,0.0%
19:32:42.726,0.0%
19:32:44.290,0.0%
19:32:45.969,0.0%
19:32:47.597,0.0%
19:32:49.164,0.0%
19:32:50.751,0.0%
19:32:52.297,0.0%
19:32:53.876,0.0%
19:32:55.467,0.0%
19:32:57.067,0.0%
19:32:58.634,0.0%
19:33:00.181,0.16%
19:33:01.735,0.0%
19:33:03.287,0.0%
19:33:04.854,0.0%
19:33:06.425,0.0%
19:33:07.998,0.0%
19:33:09.580,0.0%
19:33:11.125,0.0%
19:33:12.693,0.0%
19:33:14.252,0.0%
19:33:15.877,0.0%
19:33:17.464,0.0%
19:33:19.084,0.0%
19:33:20.636,0.0%
19:33:22.169,0.16%
19:33:23.712,0.0%
19:33:25.257,0.0%
19:33:26.799,0.0%
19:33:28.373,0.0%
19:33:29.958,0.0%
19:33:31.514,0.0%
19:33:33.066,0.0%
19:33:34.650,0.0%
19:33:36.207,0.0%
19:33:37.770,0.0%
19:33:39.377,0.16%
19:33:40.937,0.0%
19:33:42.457,0.0%
19:33:44.023,0.0%
19:33:45.560,0.0%
19:33:47.212,0.0%
19:33:48.797,0.0%
19:33:50.347,0.0%
19:33:51.905,0.0%
19:33:53.438,0.0%
19:33:55.017,0.0%
19:33:56.599,0.0%
19:33:58.161,0.16%
19:33:59.734,0.0%
19:34:01.260,0.0%
19:34:02.796,0.0%
19:34:04.338,0.0%
19:34:05.863,0.0%
19:34:07.486,0.0%
19:34:09.055,0.0%
19:34:10.600,0.0%
19:34:12.185,0.0%
19:34:13.724,0.0%
19:34:15.301,0.0%
19:34:16.849,0.0%
19:34:18.425,0.0%
19:34:19.962,0.16%
19:34:21.532,0.0%
19:34:23.089,0.0%
19:34:24.626,0.0%
19:34:26.227,0.0%
19:34:27.788,0.0%
19:34:29.315,0.0%
19:34:30.943,0.0%
19:34:32.539,0.0%
19:34:34.102,0.0%
19:34:35.706,0.0%
19:34:37.313,0.0%
19:34:38.827,0.34%
19:34:40.354,0.0%
19:34:41.933,0.0%
19:34:43.517,0.0%
19:34:45.091,0.0%
19:34:46.682,0.0%
19:34:48.218,0.0%
19:34:49.769,0.0%
19:34:51.343,0.0%
19:34:52.882,0.0%
19:34:54.437,0.0%
19:34:55.989,0.0%
19:34:57.543,0.0%
19:34:59.084,0.0%
19:35:00.743,0.0%
19:35:02.394,0.0%
19:35:03.968,0.0%
19:35:05.588,0.0%
19:35:07.176,0.0%
19:35:08.741,0.0%
19:35:10.273,0.0%
19:35:11.821,0.0%
19:35:13.373,0.0%
19:35:14.975,0.0%
19:35:16.601,0.0%
19:35:18.144,0.0%
19:35:19.688,0.33%
19:35:21.238,0.0%
19:35:22.810,0.0%
19:35:24.405,0.0%
19:35:26.008,0.0%
19:35:27.589,0.0%
19:35:29.131,0.0%
19:35:30.681,0.0%
19:35:32.316,0.0%
19:35:33.913,0.0%
19:35:35.470,0.0%
19:35:37.077,0.0%
19:35:38.666,0.0%
19:35:40.195,0.0%
19:35:41.774,0.0%
19:35:43.324,0.0%
19:35:44.876,0.0%
19:35:46.455,0.0%
19:35:48.022,0.0%
19:35:49.618,0.0%
19:35:51.199,0.0%
19:35:52.741,0.0%
19:35:54.277,0.0%
19:35:55.822,0.0%
19:35:57.393,0.0%
19:35:59.002,0.16%
19:36:00.538,0.0%
19:36:02.147,0.0%
19:36:03.661,0.0%
19:36:05.235,0.0%
19:36:06.805,0.0%
19:36:08.359,0.0%
19:36:09.901,0.0%
19:36:11.456,0.0%
19:36:13.056,0.0%
19:36:14.612,0.0%
19:36:16.222,0.0%
19:36:17.810,0.0%
19:36:19.334,0.0%
19:36:20.845,0.0%
19:36:22.384,0.0%
19:36:23.945,0.16%
19:36:25.563,0.0%
19:36:27.135,0.0%
19:36:28.724,0.0%
19:36:30.297,0.0%
19:36:31.832,0.0%
19:36:33.376,0.0%
19:36:34.966,0.0%
19:36:36.565,0.0%
19:36:38.138,0.0%
19:36:39.672,0.0%
19:36:41.199,0.0%
19:36:42.768,0.0%
19:36:44.346,0.0%
19:36:46.020,0.0%
19:36:47.602,0.32%
19:36:49.163,0.0%
19:36:50.732,0.0%
19:36:52.267,0.0%
19:36:53.807,0.0%
19:36:55.381,0.0%
19:36:56.941,0.0%
19:36:58.471,0.0%
19:37:00.052,0.0%
19:37:01.615,0.0%
19:37:03.215,0.0%
19:37:04.761,0.0%
19:37:06.333,0.0%
19:37:07.881,0.0%
19:37:09.469,0.0%
19:37:11.045,0.0%
19:37:12.608,0.0%
19:37:14.228,0.0%
19:37:15.845,0.0%
19:37:17.447,0.0%
19:37:19.011,0.0%
19:37:20.569,0.0%
19:37:22.148,0.0%
19:37:23.733,0.0%
19:37:25.292,0.17%
19:37:26.839,0.0%
19:37:28.403,0.0%
19:37:29.967,0.0%
19:37:31.549,0.0%
19:37:33.146,0.0%
19:37:34.675,0.0%
19:37:36.202,0.0%
19:37:37.752,0.0%
19:37:39.293,0.0%
19:37:40.860,0.0%
19:37:42.463,0.16%
19:37:43.997,0.0%
19:37:45.564,0.0%
19:37:47.246,0.0%
19:37:48.794,0.0%
19:37:50.352,0.0%
19:37:51.929,0.0%
19:37:53.509,0.0%
19:37:55.045,0.0%
19:37:56.617,0.0%
19:37:58.202,0.0%
19:37:59.724,0.0%
19:38:01.253,0.17%
19:38:02.791,0.0%
19:38:04.365,0.0%
19:38:05.913,0.0%
19:38:07.475,0.0%
19:38:09.013,0.0%
19:38:10.570,0.0%
19:38:12.139,0.0%
19:38:13.725,0.0%
19:38:15.317,0.0%
19:38:16.870,0.0%
19:38:18.417,0.0%
19:38:19.958,0.0%
19:38:21.517,0.16%
19:38:23.099,0.0%
19:38:24.704,0.0%
19:38:26.275,0.0%
19:38:27.796,0.0%
19:38:29.329,0.0%
19:38:30.971,0.0%
19:38:32.586,0.0%
19:38:34.148,0.0%
19:38:35.725,0.0%
19:38:37.289,0.0%
19:38:38.810,0.17%
19:38:40.335,0.0%
19:38:41.905,0.0%
19:38:43.492,0.0%
19:38:45.105,0.0%
19:38:46.691,0.0%
19:38:48.261,0.0%
19:38:49.790,0.0%
19:38:51.308,0.0%
19:38:52.877,0.0%
19:38:54.446,0.0%
19:38:56.037,0.0%
19:38:57.660,0.16%
19:38:59.230,0.0%
19:39:00.877,0.0%
19:39:02.485,0.0%
19:39:04.031,0.0%
19:39:05.615,0.0%
19:39:07.221,0.0%
19:39:08.826,0.0%
19:39:10.353,0.0%
19:39:11.892,0.0%
19:39:13.418,0.0%
19:39:15.003,0.0%
19:39:16.601,0.0%
19:39:18.201,0.15%
19:39:19.742,0.0%
19:39:21.271,0.0%
19:39:22.882,0.0%
19:39:24.471,0.0%
19:39:26.060,0.0%
19:39:27.691,0.0%
19:39:29.270,0.0%
19:39:30.952,0.0%
19:39:32.557,0.0%
19:39:34.140,0.0%
19:39:35.698,0.16%
19:39:37.261,0.0%
19:39:38.826,0.0%
19:39:40.387,0.0%
19:39:41.979,0.0%
19:39:43.531,0.0%
19:39:45.073,0.0%
19:39:46.678,0.0%
19:39:48.262,0.16%
19:39:49.766,0.0%
19:39:51.334,0.0%
19:39:52.890,0.0%
19:39:54.492,0.0%
19:39:56.079,0.0%
19:39:57.684,0.0%
19:39:59.211,0.0%
19:40:00.804,0.0%
19:40:02.391,0.0%
19:40:03.985,0.0%
19:40:05.558,0.0%
19:40:07.146,0.0%
19:40:08.700,0.0%
19:40:10.242,0.16%
19:40:11.821,0.0%
19:40:13.349,0.0%
19:40:14.910,0.0%
19:40:16.524,0.0%
19:40:18.077,0.0%
19:40:19.622,0.0%
19:40:21.214,0.0%
19:40:22.753,0.0%
19:40:24.323,0.0%
19:40:25.929,0.0%
19:40:27.470,0.16%
19:40:29.038,0.0%
19:40:30.571,0.0%
19:40:32.230,0.0%
19:40:33.814,0.0%
19:40:35.358,0.0%
19:40:36.937,0.0%
19:40:38.506,0.0%
19:40:40.069,0.0%
19:40:41.648,0.0%
19:40:43.211,0.0%
19:40:44.794,0.0%
19:40:46.374,0.0%
19:40:47.964,0.0%
19:40:49.570,0.32%
19:40:51.182,0.0%
19:40:52.741,0.0%
19:40:54.300,0.0%
19:40:55.897,0.0%
19:40:57.460,0.0%
19:40:59.046,0.0%
19:41:00.596,0.0%
19:41:02.350,0.0%
19:41:03.906,0.0%
19:41:05.486,0.0%
19:41:07.045,0.0%
19:41:08.638,0.0%
19:41:10.189,0.0%
19:41:11.706,0.0%
19:41:13.292,0.0%
19:41:14.875,0.0%
19:41:16.465,0.0%
19:41:18.020,0.0%
19:41:19.556,0.0%
19:41:21.100,0.0%
19:41:22.669,0.0%
19:41:24.292,0.0%
19:41:25.822,0.0%
19:41:27.402,0.0%
19:41:29.013,0.0%
19:41:30.567,0.0%
19:41:32.276,0.0%
19:41:33.801,0.0%
19:41:35.343,0.33%
19:41:36.909,0.0%
19:41:38.472,0.0%
19:41:40.054,0.0%
19:41:41.573,0.0%
19:41:43.102,0.0%
19:41:44.650,0.0%
19:41:46.216,0.0%
19:41:47.792,0.0%
19:41:49.364,0.0%
19:41:50.940,0.0%
19:41:52.498,0.0%
19:41:54.096,0.0%
19:41:55.705,0.0%
19:41:57.287,0.0%
19:41:58.843,0.0%
19:42:00.366,0.0%
19:42:02.031,0.0%
19:42:03.635,0.0%
19:42:05.166,0.0%
19:42:06.723,0.0%
19:42:08.268,0.0%
19:42:09.852,0.0%
19:42:11.403,0.0%
19:42:12.937,0.0%
19:42:14.518,0.0%
19:42:16.143,0.0%
19:42:17.714,0.33%
19:42:19.260,0.0%
19:42:20.821,0.0%
19:42:22.367,0.0%
19:42:23.944,0.0%
19:42:25.504,0.0%
19:42:27.059,0.0%
19:42:28.618,0.0%
19:42:30.211,0.0%
19:42:31.764,0.0%
19:42:33.350,0.0%
19:42:34.902,0.0%
19:42:36.469,0.0%
19:42:38.050,0.0%
19:42:39.608,0.0%
19:42:41.184,0.0%
19:42:42.751,0.0%
19:42:44.312,0.0%
19:42:45.940,0.0%
19:42:47.496,0.0%
19:42:49.066,0.0%
19:42:50.687,0.0%
19:42:52.212,0.0%
19:42:53.756,0.0%
19:42:55.288,0.33%
19:42:56.864,0.0%
19:42:58.440,0.0%
19:43:00.022,0.0%
19:43:01.612,0.0%
19:43:03.163,0.0%
19:43:04.727,0.0%
19:43:06.298,0.0%
19:43:07.857,0.0%
19:43:09.432,0.0%
19:43:11.027,0.0%
19:43:12.638,0.0%
19:43:14.227,0.0%
19:43:15.862,0.0%
19:43:17.436,0.0%
19:43:19.018,0.0%
19:43:20.652,0.0%
19:43:22.254,0.0%
19:43:23.869,0.0%
19:43:25.422,0.0%
19:43:26.970,0.0%
19:43:28.510,0.0%
19:43:30.107,0.0%
19:43:31.664,0.0%
19:43:33.222,0.0%
19:43:34.825,0.0%
19:43:36.397,0.0%
19:43:37.959,0.16%
19:43:39.559,0.0%
19:43:41.132,0.0%
19:43:42.720,0.0%
19:43:44.364,0.0%
19:43:46.054,0.0%
19:43:47.617,0.0%
19:43:49.156,0.0%
19:43:50.715,0.0%
19:43:52.317,0.0%
19:43:53.858,0.0%
19:43:55.448,0.32%
19:43:57.048,0.0%
19:43:58.644,0.0%
19:44:00.196,0.0%
19:44:01.735,0.0%
19:44:03.318,0.0%
19:44:04.928,0.0%
19:44:06.519,0.0%
19:44:08.070,0.0%
19:44:09.641,0.0%
19:44:11.200,0.0%
19:44:12.744,0.0%
19:44:14.322,0.0%
19:44:16.021,0.0%
19:44:17.597,0.0%
19:44:19.190,0.0%
19:44:20.743,0.0%
19:44:22.342,0.0%
19:44:23.947,0.0%
19:44:25.539,0.0%
19:44:27.105,0.0%
19:44:28.640,0.0%
19:44:30.156,0.0%
19:44:31.699,0.0%
19:44:33.296,0.0%
19:44:34.839,0.0%
19:44:36.417,0.0%
19:44:38.032,0.0%
19:44:39.557,0.0%
19:44:41.123,0.0%
19:44:42.726,0.0%
19:44:44.312,0.0%
19:44:45.998,0.0%
19:44:47.595,0.0%
19:44:49.184,0.0%
19:44:50.723,0.17%
19:44:52.263,0.0%
19:44:53.866,0.0%
19:44:55.434,0.0%
19:44:57.009,0.0%
19:44:58.549,0.0%
19:45:00.131,0.0%
19:45:01.686,0.0%
19:45:03.233,0.0%
19:45:04.840,0.0%
19:45:06.435,0.0%
19:45:07.970,0.0%
19:45:09.555,0.0%
19:45:11.133,0.0%
19:45:12.715,0.0%
19:45:14.268,0.0%
19:45:15.917,0.0%
19:45:17.475,0.0%
19:45:19.037,0.0%
19:45:20.633,0.0%
19:45:22.195,0.0%
19:45:23.750,0.16%
19:45:25.294,0.0%
19:45:26.868,0.0%
19:45:28.442,0.0%
19:45:30.044,0.0%
19:45:31.608,0.0%
19:45:33.167,0.0%
19:45:34.750,0.0%
19:45:36.322,0.0%
19:45:37.858,0.0%
19:45:39.412,0.0%
19:45:41.003,0.0%
19:45:42.614,0.0%
19:45:44.126,0.0%
19:45:45.704,0.0%
19:45:47.386,0.0%
19:45:48.987,0.0%
19:45:50.549,0.0%
19:45:52.139,0.0%
19:45:53.727,0.0%
19:45:55.279,0.0%
19:45:56.841,0.0%
19:45:58.438,0.0%
19:46:00.051,0.16%
19:46:01.599,0.0%
19:46:03.191,0.0%
19:46:04.764,0.0%
19:46:06.350,0.0%
19:46:07.947,0.0%
19:46:09.500,0.0%
19:46:11.039,0.0%
19:46:12.617,0.0%
19:46:14.158,0.0%
19:46:15.768,0.0%
19:46:17.432,0.0%
19:46:18.998,0.0%
19:46:20.583,0.0%
19:46:22.163,0.0%
19:46:23.718,0.0%
19:46:25.311,0.0%
19:46:26.859,0.0%
19:46:28.414,0.0%
19:46:29.993,0.0%
19:46:31.583,0.0%
19:46:33.151,0.0%
19:46:34.696,0.17%
19:46:36.231,0.0%
19:46:37.828,0.0%
19:46:39.388,0.0%
19:46:40.986,0.0%
19:46:42.540,0.0%
19:46:44.096,0.0%
19:46:45.742,0.0%
19:46:47.362,0.0%
19:46:48.939,0.0%
19:46:50.498,0.0%
19:46:52.059,0.0%
19:46:53.631,0.0%
19:46:55.183,0.0%
19:46:56.751,0.0%
19:46:58.336,0.0%
19:46:59.886,0.0%
19:47:01.485,0.0%
19:47:03.065,0.16%
19:47:04.648,0.0%
19:47:06.228,0.0%
19:47:07.773,0.0%
19:47:09.333,0.0%
19:47:10.932,0.0%
19:47:12.496,0.0%
19:47:14.053,0.0%
19:47:15.620,0.0%
19:47:17.360,0.0%
19:47:18.970,0.0%
19:47:20.518,0.0%
19:47:22.095,0.0%
19:47:23.646,0.0%
19:47:25.227,0.0%
19:47:26.763,0.0%
19:47:28.299,0.0%
19:47:29.838,0.0%
19:47:31.405,0.0%
19:47:32.958,0.16%
19:47:34.536,0.0%
19:47:36.080,0.0%
19:47:37.677,0.0%
19:47:39.253,0.0%
19:47:40.811,0.0%
19:47:42.382,0.0%
19:47:43.953,0.0%
19:47:45.538,0.0%
19:47:47.177,0.0%
19:47:48.732,0.0%
19:47:50.254,0.0%
19:47:51.792,0.0%
19:47:53.368,0.0%
19:47:54.972,0.0%
19:47:56.524,0.0%
19:47:58.095,0.16%
19:47:59.691,0.0%
19:48:01.255,0.0%
19:48:02.825,0.0%
19:48:04.400,0.0%
19:48:05.981,0.0%
19:48:07.514,0.0%
19:48:09.061,0.0%
19:48:10.650,0.0%
19:48:12.206,0.0%
19:48:13.763,0.0%
19:48:15.316,0.0%
19:48:16.908,0.0%
19:48:18.500,0.0%
19:48:20.074,0.0%
19:48:21.612,0.16%
19:48:23.232,0.0%
19:48:24.824,0.0%
19:48:26.387,0.0%
19:48:27.963,0.0%
19:48:29.568,0.0%
19:48:31.197,0.0%
19:48:32.736,0.0%
19:48:34.311,0.0%
19:48:35.878,0.0%
19:48:37.443,0.0%
19:48:39.054,0.15%
19:48:40.658,0.0%
19:48:42.212,0.0%
19:48:43.741,0.0%
19:48:45.298,0.0%
19:48:46.952,0.0%
19:48:48.500,0.0%
19:48:50.160,0.0%
19:48:51.740,0.0%
19:48:53.282,0.0%
19:48:54.853,0.0%
19:48:56.442,0.0%
19:48:57.991,0.0%
19:48:59.565,0.0%
19:49:01.193,0.0%
19:49:02.769,0.16%
19:49:04.347,0.0%
19:49:05.915,0.0%
19:49:07.465,0.0%
19:49:09.049,0.0%
19:49:10.605,0.0%
19:49:12.208,0.0%
19:49:13.794,0.0%
19:49:15.323,0.0%
19:49:16.897,0.0%
19:49:18.491,0.0%
19:49:20.071,0.0%
19:49:21.656,0.16%
19:49:23.253,0.0%
19:49:24.868,0.0%
19:49:26.435,0.0%
19:49:27.954,0.0%
19:49:29.523,0.0%
19:49:31.149,0.0%
19:49:32.722,0.0%
19:49:34.292,0.0%
19:49:35.852,0.0%
19:49:37.420,0.0%
19:49:38.982,0.0%
19:49:40.538,0.0%
19:49:42.108,0.0%
19:49:43.695,0.0%
19:49:45.304,0.15%
19:49:46.865,0.0%
19:49:48.416,0.0%
19:49:50.036,0.0%
19:49:51.612,0.0%
19:49:53.252,0.0%
19:49:54.863,0.0%
19:49:56.431,0.0%
19:49:57.987,0.0%
19:49:59.705,0.0%
19:50:01.383,0.15%
19:50:02.903,0.0%
19:50:04.489,0.0%
19:50:06.130,0.0%
19:50:07.685,0.0%
19:50:09.217,0.0%
19:50:10.776,0.0%
19:50:12.405,0.0%
