key,Pr3:cn.cj.pe:sync
alias,Pri3
unit,(KB)
begin date,2018-02-03
end date,2018-02-03
count,1103

,total,dalvik,native
min,27404.0,2148.0,21092.0
max,27492.0,2220.0,21104.0
avg,27483.0,2218.0,21103.0

19:21:18.828,27404,2148,21092
19:21:20.310,27404,2148,21092
19:21:21.832,27404,2148,21092
19:21:23.389,27404,2148,21092
19:21:24.969,27480,2208,21104
19:21:26.447,27480,2208,21104
19:21:28.041,27480,2208,21104
19:21:29.684,27480,2208,21104
19:21:31.297,27480,2208,21104
19:21:32.857,27480,2208,21104
19:21:34.447,27480,2208,21104
19:21:36.022,27480,2208,21104
19:21:37.650,27480,2208,21104
19:21:39.273,27480,2208,21104
19:21:40.879,27480,2208,21104
19:21:42.493,27480,2208,21104
19:21:44.084,27480,2208,21104
19:21:45.704,27480,2208,21104
19:21:47.305,27480,2208,21104
19:21:48.843,27480,2208,21104
19:21:50.422,27480,2208,21104
19:21:51.988,27480,2208,21104
19:21:53.528,27480,2208,21104
19:21:55.063,27480,2208,21104
19:21:56.605,27480,2208,21104
19:21:58.148,27480,2208,21104
19:21:59.737,27480,2208,21104
19:22:01.431,27480,2208,21104
19:22:03.006,27480,2208,21104
19:22:04.588,27480,2208,21104
19:22:06.142,27480,2208,21104
19:22:07.729,27480,2208,21104
19:22:09.284,27480,2208,21104
19:22:10.884,27480,2208,21104
19:22:12.520,27480,2208,21104
19:22:14.070,27480,2208,21104
19:22:15.645,27480,2208,21104
19:22:17.208,27480,2208,21104
19:22:18.768,27480,2208,21104
19:22:20.359,27480,2208,21104
19:22:21.952,27480,2208,21104
19:22:23.527,27480,2208,21104
19:22:25.092,27480,2208,21104
19:22:26.666,27480,2208,21104
19:22:28.226,27480,2208,21104
19:22:29.803,27480,2208,21104
19:22:31.479,27480,2208,21104
19:22:33.066,27480,2208,21104
19:22:34.645,27480,2208,21104
19:22:36.220,27480,2208,21104
19:22:37.789,27480,2208,21104
19:22:39.348,27480,2208,21104
19:22:40.918,27480,2208,21104
19:22:42.453,27480,2208,21104
19:22:44.021,27480,2208,21104
19:22:45.614,27480,2208,21104
19:22:47.226,27480,2208,21104
19:22:48.788,27480,2208,21104
19:22:50.322,27480,2208,21104
19:22:51.867,27480,2208,21104
19:22:53.434,27480,2208,21104
19:22:55.008,27480,2208,21104
19:22:56.612,27480,2208,21104
19:22:58.170,27480,2208,21104
19:22:59.729,27480,2208,21104
19:23:01.380,27480,2208,21104
19:23:02.973,27480,2208,21104
19:23:04.565,27480,2208,21104
19:23:06.132,27480,2208,21104
19:23:07.733,27480,2208,21104
19:23:09.286,27480,2208,21104
19:23:10.839,27480,2208,21104
19:23:12.371,27480,2208,21104
19:23:13.951,27480,2208,21104
19:23:15.541,27480,2208,21104
19:23:17.111,27480,2208,21104
19:23:18.696,27480,2208,21104
19:23:20.265,27492,2220,21104
19:23:21.828,27492,2220,21104
19:23:23.390,27492,2220,21104
19:23:24.954,27492,2220,21104
19:23:26.546,27492,2220,21104
19:23:28.097,27492,2220,21104
19:23:29.654,27492,2220,21104
19:23:31.269,27492,2220,21104
19:23:32.825,27492,2220,21104
19:23:34.383,27492,2220,21104
19:23:35.981,27492,2220,21104
19:23:37.592,27492,2220,21104
19:23:39.098,27492,2220,21104
19:23:40.564,27492,2220,21104
19:23:42.107,27492,2220,21104
19:23:43.673,27492,2220,21104
19:23:45.246,27492,2220,21104
19:23:46.869,27492,2220,21104
19:23:48.539,27492,2220,21104
19:23:50.045,27492,2220,21104
19:23:51.605,27492,2220,21104
19:23:53.178,27492,2220,21104
19:23:54.730,27492,2220,21104
19:23:56.412,27492,2220,21104
19:23:57.957,27492,2220,21104
19:23:59.544,27492,2220,21104
19:24:01.251,27492,2220,21104
19:24:02.775,27492,2220,21104
19:24:04.368,27492,2220,21104
19:24:05.954,27492,2220,21104
19:24:07.480,27492,2220,21104
19:24:09.014,27492,2220,21104
19:24:10.519,27492,2220,21104
19:24:12.067,27492,2220,21104
19:24:13.629,27492,2220,21104
19:24:15.202,27492,2220,21104
19:24:16.759,27492,2220,21104
19:24:18.326,27492,2220,21104
19:24:19.960,27484,2220,21104
19:24:21.534,27484,2220,21104
19:24:23.074,27484,2220,21104
19:24:24.670,27484,2220,21104
19:24:26.203,27484,2220,21104
19:24:27.746,27484,2220,21104
19:24:29.350,27484,2220,21104
19:24:31.045,27484,2220,21104
19:24:32.647,27484,2220,21104
19:24:34.228,27484,2220,21104
19:24:35.791,27484,2220,21104
19:24:37.344,27484,2220,21104
19:24:38.905,27484,2220,21104
19:24:40.445,27484,2220,21104
19:24:42.025,27484,2220,21104
19:24:43.620,27484,2220,21104
19:24:45.128,27484,2220,21104
19:24:46.709,27484,2220,21104
19:24:48.256,27484,2220,21104
19:24:49.821,27484,2220,21104
19:24:51.410,27484,2220,21104
19:24:52.973,27484,2220,21104
19:24:54.506,27484,2220,21104
19:24:56.029,27484,2220,21104
19:24:57.624,27484,2220,21104
19:24:59.144,27484,2220,21104
19:25:00.729,27484,2220,21104
19:25:02.265,27484,2220,21104
19:25:03.859,27484,2220,21104
19:25:05.422,27484,2220,21104
19:25:07.028,27484,2220,21104
19:25:08.624,27484,2220,21104
19:25:10.163,27484,2220,21104
19:25:11.709,27484,2220,21104
19:25:13.300,27484,2220,21104
19:25:14.871,27484,2220,21104
19:25:16.473,27484,2220,21104
19:25:18.041,27484,2220,21104
19:25:19.584,27484,2220,21104
19:25:21.113,27484,2220,21104
19:25:22.708,27484,2220,21104
19:25:24.294,27484,2220,21104
19:25:25.924,27484,2220,21104
19:25:27.478,27484,2220,21104
19:25:29.030,27484,2220,21104
19:25:30.620,27484,2220,21104
19:25:32.147,27484,2220,21104
19:25:33.739,27484,2220,21104
19:25:35.281,27484,2220,21104
19:25:36.819,27484,2220,21104
19:25:38.389,27484,2220,21104
19:25:39.967,27484,2220,21104
19:25:41.577,27484,2220,21104
19:25:43.104,27484,2220,21104
19:25:44.693,27484,2220,21104
19:25:46.385,27484,2220,21104
19:25:47.952,27484,2220,21104
19:25:49.557,27484,2220,21104
19:25:51.061,27484,2220,21104
19:25:52.646,27484,2220,21104
19:25:54.198,27484,2220,21104
19:25:55.826,27484,2220,21104
19:25:57.386,27484,2220,21104
19:25:58.926,27484,2220,21104
19:26:00.473,27484,2220,21104
19:26:02.028,27484,2220,21104
19:26:03.627,27484,2220,21104
19:26:05.171,27484,2220,21104
19:26:06.726,27484,2220,21104
19:26:08.283,27484,2220,21104
19:26:09.870,27484,2220,21104
19:26:11.469,27484,2220,21104
19:26:13.011,27484,2220,21104
19:26:14.543,27484,2220,21104
19:26:16.245,27484,2220,21104
19:26:17.827,27484,2220,21104
19:26:19.445,27484,2220,21104
19:26:21.016,27484,2220,21104
19:26:22.582,27484,2220,21104
19:26:24.147,27484,2220,21104
19:26:25.749,27484,2220,21104
19:26:27.294,27484,2220,21104
19:26:28.862,27484,2220,21104
19:26:30.425,27484,2220,21104
19:26:32.027,27484,2220,21104
19:26:33.587,27484,2220,21104
19:26:35.139,27484,2220,21104
19:26:36.690,27484,2220,21104
19:26:38.266,27484,2220,21104
19:26:39.833,27484,2220,21104
19:26:41.388,27484,2220,21104
19:26:42.951,27484,2220,21104
19:26:44.560,27484,2220,21104
19:26:46.313,27484,2220,21104
19:26:47.882,27484,2220,21104
19:26:49.431,27484,2220,21104
19:26:50.959,27484,2220,21104
19:26:52.542,27484,2220,21104
19:26:54.089,27484,2220,21104
19:26:55.658,27484,2220,21104
19:26:57.233,27484,2220,21104
19:26:58.805,27484,2220,21104
19:27:00.341,27484,2220,21104
19:27:01.911,27484,2220,21104
19:27:03.487,27484,2220,21104
19:27:05.058,27484,2220,21104
19:27:06.667,27484,2220,21104
19:27:08.219,27484,2220,21104
19:27:09.779,27484,2220,21104
19:27:11.347,27484,2220,21104
19:27:12.921,27484,2220,21104
19:27:14.481,27484,2220,21104
19:27:16.227,27484,2220,21104
19:27:17.810,27484,2220,21104
19:27:19.405,27484,2220,21104
19:27:20.947,27484,2220,21104
19:27:22.524,27484,2220,21104
19:27:24.101,27484,2220,21104
19:27:25.658,27484,2220,21104
19:27:27.235,27484,2220,21104
19:27:28.806,27484,2220,21104
19:27:30.382,27484,2220,21104
19:27:31.942,27484,2220,21104
19:27:33.482,27484,2220,21104
19:27:35.049,27484,2220,21104
19:27:36.633,27484,2220,21104
19:27:38.191,27484,2220,21104
19:27:39.754,27484,2220,21104
19:27:41.294,27484,2220,21104
19:27:42.825,27484,2220,21104
19:27:44.406,27484,2220,21104
19:27:46.084,27484,2220,21104
19:27:47.642,27484,2220,21104
19:27:49.243,27484,2220,21104
19:27:50.817,27484,2220,21104
19:27:52.364,27484,2220,21104
19:27:53.954,27484,2220,21104
19:27:55.511,27484,2220,21104
19:27:57.108,27484,2220,21104
19:27:58.669,27484,2220,21104
19:28:00.262,27484,2220,21104
19:28:01.804,27484,2220,21104
19:28:03.393,27484,2220,21104
19:28:04.957,27484,2220,21104
19:28:06.516,27484,2220,21104
19:28:08.063,27484,2220,21104
19:28:09.670,27484,2220,21104
19:28:11.201,27484,2220,21104
19:28:12.755,27484,2220,21104
19:28:14.270,27484,2220,21104
19:28:15.960,27484,2220,21104
19:28:17.518,27484,2220,21104
19:28:19.071,27484,2220,21104
19:28:20.622,27484,2220,21104
19:28:22.162,27484,2220,21104
19:28:23.765,27484,2220,21104
19:28:25.331,27484,2220,21104
19:28:26.929,27484,2220,21104
19:28:28.526,27484,2220,21104
19:28:30.078,27484,2220,21104
19:28:31.627,27484,2220,21104
19:28:33.166,27484,2220,21104
19:28:34.749,27484,2220,21104
19:28:36.321,27484,2220,21104
19:28:37.912,27484,2220,21104
19:28:39.453,27484,2220,21104
19:28:40.999,27484,2220,21104
19:28:42.542,27484,2220,21104
19:28:44.125,27484,2220,21104
19:28:45.746,27484,2220,21104
19:28:47.404,27484,2220,21104
19:28:48.985,27484,2220,21104
19:28:50.545,27484,2220,21104
19:28:52.080,27484,2220,21104
19:28:53.642,27484,2220,21104
19:28:55.199,27484,2220,21104
19:28:56.795,27484,2220,21104
19:28:58.351,27484,2220,21104
19:28:59.943,27484,2220,21104
19:29:01.564,27484,2220,21104
19:29:03.144,27484,2220,21104
19:29:04.757,27484,2220,21104
19:29:06.322,27484,2220,21104
19:29:07.913,27484,2220,21104
19:29:09.477,27484,2220,21104
19:29:11.069,27484,2220,21104
19:29:12.638,27484,2220,21104
19:29:14.207,27484,2220,21104
19:29:15.821,27484,2220,21104
19:29:17.364,27484,2220,21104
19:29:18.930,27484,2220,21104
19:29:20.497,27484,2220,21104
19:29:22.048,27484,2220,21104
19:29:23.622,27484,2220,21104
19:29:25.183,27484,2220,21104
19:29:26.719,27484,2220,21104
19:29:28.299,27484,2220,21104
19:29:29.855,27484,2220,21104
19:29:31.474,27484,2220,21104
19:29:33.010,27484,2220,21104
19:29:34.619,27484,2220,21104
19:29:36.181,27484,2220,21104
19:29:37.725,27484,2220,21104
19:29:39.290,27484,2220,21104
19:29:40.867,27484,2220,21104
19:29:42.464,27484,2220,21104
19:29:44.043,27484,2220,21104
19:29:45.711,27484,2220,21104
19:29:47.288,27484,2220,21104
19:29:48.883,27484,2220,21104
19:29:50.440,27484,2220,21104
19:29:52.043,27484,2220,21104
19:29:53.622,27484,2220,21104
19:29:55.205,27484,2220,21104
19:29:56.797,27484,2220,21104
19:29:58.367,27484,2220,21104
19:29:59.882,27484,2220,21104
19:30:01.490,27484,2220,21104
19:30:03.083,27484,2220,21104
19:30:04.666,27484,2220,21104
19:30:06.246,27484,2220,21104
19:30:07.869,27484,2220,21104
19:30:09.404,27484,2220,21104
19:30:10.939,27484,2220,21104
19:30:12.473,27484,2220,21104
19:30:14.026,27484,2220,21104
19:30:15.598,27484,2220,21104
19:30:17.168,27484,2220,21104
19:30:18.753,27484,2220,21104
19:30:20.287,27484,2220,21104
19:30:21.811,27484,2220,21104
19:30:23.403,27484,2220,21104
19:30:24.984,27484,2220,21104
19:30:26.588,27484,2220,21104
19:30:28.143,27484,2220,21104
19:30:29.707,27484,2220,21104
19:30:31.354,27484,2220,21104
19:30:32.889,27484,2220,21104
19:30:34.457,27484,2220,21104
19:30:36.028,27484,2220,21104
19:30:37.639,27484,2220,21104
19:30:39.159,27484,2220,21104
19:30:40.748,27484,2220,21104
19:30:42.317,27484,2220,21104
19:30:43.867,27484,2220,21104
19:30:45.427,27484,2220,21104
19:30:47.005,27484,2220,21104
19:30:48.579,27484,2220,21104
19:30:50.108,27484,2220,21104
19:30:51.659,27484,2220,21104
19:30:53.241,27484,2220,21104
19:30:54.844,27484,2220,21104
19:30:56.443,27484,2220,21104
19:30:57.989,27484,2220,21104
19:30:59.522,27484,2220,21104
19:31:01.169,27484,2220,21104
19:31:02.742,27484,2220,21104
19:31:04.324,27484,2220,21104
19:31:05.925,27484,2220,21104
19:31:07.428,27484,2220,21104
19:31:08.964,27484,2220,21104
19:31:10.535,27484,2220,21104
19:31:12.094,27484,2220,21104
19:31:13.678,27484,2220,21104
19:31:15.271,27484,2220,21104
19:31:16.804,27484,2220,21104
19:31:18.346,27484,2220,21104
19:31:19.904,27484,2220,21104
19:31:21.448,27484,2220,21104
19:31:23.057,27484,2220,21104
19:31:24.626,27484,2220,21104
19:31:26.175,27484,2220,21104
19:31:27.741,27484,2220,21104
19:31:29.307,27484,2220,21104
19:31:30.889,27484,2220,21104
19:31:32.520,27484,2220,21104
19:31:34.017,27484,2220,21104
19:31:35.582,27484,2220,21104
19:31:37.106,27484,2220,21104
19:31:38.690,27484,2220,21104
19:31:40.249,27484,2220,21104
19:31:41.889,27484,2220,21104
19:31:43.482,27484,2220,21104
19:31:45.039,27484,2220,21104
19:31:46.602,27484,2220,21104
19:31:48.125,27484,2220,21104
19:31:49.701,27484,2220,21104
19:31:51.225,27484,2220,21104
19:31:52.804,27484,2220,21104
19:31:54.390,27484,2220,21104
19:31:55.982,27484,2220,21104
19:31:57.600,27484,2220,21104
19:31:59.186,27484,2220,21104
19:32:00.818,27484,2220,21104
19:32:02.351,27484,2220,21104
19:32:03.914,27484,2220,21104
19:32:05.487,27484,2220,21104
19:32:07.053,27484,2220,21104
19:32:08.600,27484,2220,21104
19:32:10.129,27484,2220,21104
19:32:11.691,27484,2220,21104
19:32:13.247,27484,2220,21104
19:32:14.803,27484,2220,21104
19:32:16.408,27484,2220,21104
19:32:17.946,27484,2220,21104
19:32:19.522,27484,2220,21104
19:32:21.059,27484,2220,21104
19:32:22.683,27484,2220,21104
19:32:24.226,27484,2220,21104
19:32:25.771,27484,2220,21104
19:32:27.333,27484,2220,21104
19:32:28.925,27484,2220,21104
19:32:30.500,27484,2220,21104
19:32:32.029,27484,2220,21104
19:32:33.611,27484,2220,21104
19:32:35.211,27484,2220,21104
19:32:36.801,27484,2220,21104
19:32:38.402,27484,2220,21104
19:32:39.973,27484,2220,21104
19:32:41.500,27484,2220,21104
19:32:43.049,27484,2220,21104
19:32:44.629,27484,2220,21104
19:32:46.380,27484,2220,21104
19:32:47.937,27484,2220,21104
19:32:49.487,27484,2220,21104
19:32:51.069,27484,2220,21104
19:32:52.622,27484,2220,21104
19:32:54.223,27484,2220,21104
19:32:55.818,27484,2220,21104
19:32:57.411,27484,2220,21104
19:32:58.948,27484,2220,21104
19:33:00.484,27484,2220,21104
19:33:02.064,27484,2220,21104
19:33:03.627,27484,2220,21104
19:33:05.202,27484,2220,21104
19:33:06.747,27484,2220,21104
19:33:08.342,27484,2220,21104
19:33:09.901,27484,2220,21104
19:33:11.443,27484,2220,21104
19:33:13.003,27484,2220,21104
19:33:14.578,27484,2220,21104
19:33:16.239,27484,2220,21104
19:33:17.825,27484,2220,21104
19:33:19.387,27484,2220,21104
19:33:20.963,27484,2220,21104
19:33:22.483,27484,2220,21104
19:33:24.035,27484,2220,21104
19:33:25.591,27484,2220,21104
19:33:27.138,27484,2220,21104
19:33:28.750,27484,2220,21104
19:33:30.270,27484,2220,21104
19:33:31.833,27484,2220,21104
19:33:33.410,27484,2220,21104
19:33:34.978,27484,2220,21104
19:33:36.560,27484,2220,21104
19:33:38.127,27484,2220,21104
19:33:39.698,27484,2220,21104
19:33:41.249,27484,2220,21104
19:33:42.791,27484,2220,21104
19:33:44.348,27484,2220,21104
19:33:45.996,27484,2220,21104
19:33:47.581,27484,2220,21104
19:33:49.131,27484,2220,21104
19:33:50.703,27484,2220,21104
19:33:52.224,27484,2220,21104
19:33:53.773,27484,2220,21104
19:33:55.384,27484,2220,21104
19:33:56.907,27484,2220,21104
19:33:58.517,27484,2220,21104
19:34:00.059,27484,2220,21104
19:34:01.586,27484,2220,21104
19:34:03.115,27484,2220,21104
19:34:04.658,27484,2220,21104
19:34:06.248,27484,2220,21104
19:34:07.805,27484,2220,21104
19:34:09.366,27484,2220,21104
19:34:10.934,27484,2220,21104
19:34:12.499,27484,2220,21104
19:34:14.060,27484,2220,21104
19:34:15.623,27484,2220,21104
19:34:17.188,27484,2220,21104
19:34:18.720,27484,2220,21104
19:34:20.293,27484,2220,21104
19:34:21.869,27484,2220,21104
19:34:23.408,27484,2220,21104
19:34:24.967,27484,2220,21104
19:34:26.568,27484,2220,21104
19:34:28.091,27484,2220,21104
19:34:29.643,27484,2220,21104
19:34:31.308,27484,2220,21104
19:34:32.870,27484,2220,21104
19:34:34.472,27484,2220,21104
19:34:36.063,27484,2220,21104
19:34:37.631,27484,2220,21104
19:34:39.127,27484,2220,21104
19:34:40.682,27484,2220,21104
19:34:42.265,27484,2220,21104
19:34:43.847,27484,2220,21104
19:34:45.446,27484,2220,21104
19:34:46.984,27484,2220,21104
19:34:48.549,27484,2220,21104
19:34:50.114,27484,2220,21104
19:34:51.668,27484,2220,21104
19:34:53.197,27484,2220,21104
19:34:54.777,27484,2220,21104
19:34:56.309,27484,2220,21104
19:34:57.865,27484,2220,21104
19:34:59.445,27484,2220,21104
19:35:01.150,27484,2220,21104
19:35:02.728,27484,2220,21104
19:35:04.309,27484,2220,21104
19:35:05.945,27484,2220,21104
19:35:07.500,27484,2220,21104
19:35:09.052,27484,2220,21104
19:35:10.606,27484,2220,21104
19:35:12.145,27484,2220,21104
19:35:13.733,27484,2220,21104
19:35:15.328,27484,2220,21104
19:35:16.919,27484,2220,21104
19:35:18.454,27484,2220,21104
19:35:20.021,27484,2220,21104
19:35:21.581,27484,2220,21104
19:35:23.170,27484,2220,21104
19:35:24.771,27484,2220,21104
19:35:26.343,27484,2220,21104
19:35:27.900,27484,2220,21104
19:35:29.447,27484,2220,21104
19:35:31.099,27484,2220,21104
19:35:32.667,27484,2220,21104
19:35:34.228,27484,2220,21104
19:35:35.830,27484,2220,21104
19:35:37.410,27484,2220,21104
19:35:38.980,27484,2220,21104
19:35:40.552,27484,2220,21104
19:35:42.101,27484,2220,21104
19:35:43.650,27484,2220,21104
19:35:45.208,27484,2220,21104
19:35:46.790,27484,2220,21104
19:35:48.383,27484,2220,21104
19:35:49.946,27484,2220,21104
19:35:51.533,27484,2220,21104
19:35:53.064,27484,2220,21104
19:35:54.610,27484,2220,21104
19:35:56.154,27484,2220,21104
19:35:57.748,27484,2220,21104
19:35:59.317,27484,2220,21104
19:36:00.957,27484,2220,21104
19:36:02.439,27484,2220,21104
19:36:03.986,27484,2220,21104
19:36:05.581,27484,2220,21104
19:36:07.135,27484,2220,21104
19:36:08.692,27484,2220,21104
19:36:10.224,27484,2220,21104
19:36:11.824,27484,2220,21104
19:36:13.396,27484,2220,21104
19:36:14.966,27484,2220,21104
19:36:16.579,27484,2220,21104
19:36:18.127,27484,2220,21104
19:36:19.650,27484,2220,21104
19:36:21.152,27484,2220,21104
19:36:22.720,27484,2220,21104
19:36:24.287,27484,2220,21104
19:36:25.886,27484,2220,21104
19:36:27.490,27484,2220,21104
19:36:29.041,27484,2220,21104
19:36:30.619,27484,2220,21104
19:36:32.152,27484,2220,21104
19:36:33.727,27484,2220,21104
19:36:35.320,27484,2220,21104
19:36:36.881,27484,2220,21104
19:36:38.435,27484,2220,21104
19:36:39.985,27484,2220,21104
19:36:41.556,27484,2220,21104
19:36:43.101,27484,2220,21104
19:36:44.685,27484,2220,21104
19:36:46.359,27484,2220,21104
19:36:47.924,27484,2220,21104
19:36:49.510,27484,2220,21104
19:36:51.042,27484,2220,21104
19:36:52.592,27484,2220,21104
19:36:54.145,27484,2220,21104
19:36:55.720,27484,2220,21104
19:36:57.254,27484,2220,21104
19:36:58.801,27484,2220,21104
19:37:00.372,27484,2220,21104
19:37:01.964,27484,2220,21104
19:37:03.547,27484,2220,21104
19:37:05.088,27484,2220,21104
19:37:06.643,27484,2220,21104
19:37:08.219,27484,2220,21104
19:37:09.813,27484,2220,21104
19:37:11.384,27484,2220,21104
19:37:12.958,27484,2220,21104
19:37:14.581,27484,2220,21104
19:37:16.238,27484,2220,21104
19:37:17.789,27484,2220,21104
19:37:19.330,27484,2220,21104
19:37:20.920,27484,2220,21104
19:37:22.483,27484,2220,21104
19:37:24.075,27484,2220,21104
19:37:25.614,27484,2220,21104
19:37:27.188,27484,2220,21104
19:37:28.725,27484,2220,21104
19:37:30.303,27484,2220,21104
19:37:31.896,27484,2220,21104
19:37:33.460,27484,2220,21104
19:37:34.983,27484,2220,21104
19:37:36.545,27484,2220,21104
19:37:38.073,27484,2220,21104
19:37:39.638,27484,2220,21104
19:37:41.228,27484,2220,21104
19:37:42.781,27484,2220,21104
19:37:44.305,27484,2220,21104
19:37:46.023,27484,2220,21104
19:37:47.579,27484,2220,21104
19:37:49.126,27484,2220,21104
19:37:50.688,27484,2220,21104
19:37:52.264,27484,2220,21104
19:37:53.824,27484,2220,21104
19:37:55.378,27484,2220,21104
19:37:56.962,27484,2220,21104
19:37:58.526,27484,2220,21104
19:38:00.039,27484,2220,21104
19:38:01.581,27484,2220,21104
19:38:03.118,27484,2220,21104
19:38:04.700,27484,2220,21104
19:38:06.245,27484,2220,21104
19:38:07.802,27484,2220,21104
19:38:09.329,27484,2220,21104
19:38:10.886,27484,2220,21104
19:38:12.491,27484,2220,21104
19:38:14.095,27484,2220,21104
19:38:15.660,27484,2220,21104
19:38:17.184,27484,2220,21104
19:38:18.739,27484,2220,21104
19:38:20.289,27484,2220,21104
19:38:21.850,27484,2220,21104
19:38:23.449,27484,2220,21104
19:38:25.048,27484,2220,21104
19:38:26.594,27484,2220,21104
19:38:28.105,27484,2220,21104
19:38:29.668,27484,2220,21104
19:38:31.350,27484,2220,21104
19:38:32.902,27484,2220,21104
19:38:34.473,27484,2220,21104
19:38:36.062,27484,2220,21104
19:38:37.604,27484,2220,21104
19:38:39.114,27484,2220,21104
19:38:40.680,27484,2220,21104
19:38:42.241,27484,2220,21104
19:38:43.860,27484,2220,21104
19:38:45.470,27484,2220,21104
19:38:47.031,27484,2220,21104
19:38:48.579,27484,2220,21104
19:38:50.099,27484,2220,21104
19:38:51.639,27484,2220,21104
19:38:53.208,27484,2220,21104
19:38:54.769,27484,2220,21104
19:38:56.407,27484,2220,21104
19:38:57.990,27484,2220,21104
19:38:59.584,27484,2220,21104
19:39:01.250,27484,2220,21104
19:39:02.802,27484,2220,21104
19:39:04.378,27484,2220,21104
19:39:05.962,27484,2220,21104
19:39:07.603,27484,2220,21104
19:39:09.134,27484,2220,21104
19:39:10.685,27484,2220,21104
19:39:12.204,27484,2220,21104
19:39:13.752,27484,2220,21104
19:39:15.345,27484,2220,21104
19:39:16.930,27484,2220,21104
19:39:18.547,27484,2220,21104
19:39:20.044,27484,2220,21104
19:39:21.641,27484,2220,21104
19:39:23.229,27484,2220,21104
19:39:24.810,27484,2220,21104
19:39:26.422,27484,2220,21104
19:39:28.037,27484,2220,21104
19:39:29.599,27484,2220,21104
19:39:31.325,27484,2220,21104
19:39:32.908,27484,2220,21104
19:39:34.477,27484,2220,21104
19:39:36.018,27484,2220,21104
19:39:37.612,27484,2220,21104
19:39:39.147,27484,2220,21104
19:39:40.763,27484,2220,21104
19:39:42.279,27484,2220,21104
19:39:43.847,27484,2220,21104
19:39:45.437,27484,2220,21104
19:39:47.026,27484,2220,21104
19:39:48.574,27484,2220,21104
19:39:50.100,27484,2220,21104
19:39:51.641,27484,2220,21104
19:39:53.238,27484,2220,21104
19:39:54.826,27484,2220,21104
19:39:56.428,27484,2220,21104
19:39:57.994,27484,2220,21104
19:39:59.544,27484,2220,21104
19:40:01.168,27484,2220,21104
19:40:02.731,27484,2220,21104
19:40:04.318,27484,2220,21104
19:40:05.910,27484,2220,21104
19:40:07.452,27484,2220,21104
19:40:09.020,27484,2220,21104
19:40:10.599,27484,2220,21104
19:40:12.144,27484,2220,21104
19:40:13.680,27484,2220,21104
19:40:15.265,27484,2220,21104
19:40:16.849,27484,2220,21104
19:40:18.406,27484,2220,21104
19:40:19.947,27484,2220,21104
19:40:21.544,27484,2220,21104
19:40:23.084,27484,2220,21104
19:40:24.710,27484,2220,21104
19:40:26.233,27484,2220,21104
19:40:27.803,27484,2220,21104
19:40:29.354,27484,2220,21104
19:40:30.969,27484,2220,21104
19:40:32.597,27484,2220,21104
19:40:34.129,27484,2220,21104
19:40:35.708,27484,2220,21104
19:40:37.253,27484,2220,21104
19:40:38.848,27484,2220,21104
19:40:40.406,27484,2220,21104
19:40:41.980,27484,2220,21104
19:40:43.566,27484,2220,21104
19:40:45.120,27484,2220,21104
19:40:46.739,27484,2220,21104
19:40:48.306,27484,2220,21104
19:40:49.897,27484,2220,21104
19:40:51.527,27484,2220,21104
19:40:53.049,27484,2220,21104
19:40:54.648,27484,2220,21104
19:40:56.205,27484,2220,21104
19:40:57.790,27484,2220,21104
19:40:59.366,27484,2220,21104
19:41:01.104,27484,2220,21104
19:41:02.688,27484,2220,21104
19:41:04.248,27484,2220,21104
19:41:05.815,27484,2220,21104
19:41:07.399,27484,2220,21104
19:41:08.951,27484,2220,21104
19:41:10.506,27484,2220,21104
19:41:12.038,27484,2220,21104
19:41:13.645,27484,2220,21104
19:41:15.225,27484,2220,21104
19:41:16.806,27484,2220,21104
19:41:18.343,27484,2220,21104
19:41:19.875,27484,2220,21104
19:41:21.431,27484,2220,21104
19:41:23.028,27484,2220,21104
19:41:24.611,27484,2220,21104
19:41:26.174,27484,2220,21104
19:41:27.765,27484,2220,21104
19:41:29.346,27484,2220,21104
19:41:31.010,27484,2220,21104
19:41:32.599,27484,2220,21104
19:41:34.124,27484,2220,21104
19:41:35.681,27484,2220,21104
19:41:37.243,27484,2220,21104
19:41:38.811,27484,2220,21104
19:41:40.360,27484,2220,21104
19:41:41.886,27484,2220,21104
19:41:43.429,27484,2220,21104
19:41:44.966,27484,2220,21104
19:41:46.565,27484,2220,21104
19:41:48.123,27484,2220,21104
19:41:49.693,27484,2220,21104
19:41:51.270,27484,2220,21104
19:41:52.828,27484,2220,21104
19:41:54.445,27484,2220,21104
19:41:56.046,27484,2220,21104
19:41:57.626,27484,2220,21104
19:41:59.161,27484,2220,21104
19:42:00.790,27484,2220,21104
19:42:02.388,27484,2220,21104
19:42:03.947,27484,2220,21104
19:42:05.482,27484,2220,21104
19:42:07.048,27484,2220,21104
19:42:08.607,27484,2220,21104
19:42:10.167,27484,2220,21104
19:42:11.721,27484,2220,21104
19:42:13.265,27484,2220,21104
19:42:14.842,27484,2220,21104
19:42:16.484,27484,2220,21104
19:42:18.019,27484,2220,21104
19:42:19.591,27484,2220,21104
19:42:21.145,27484,2220,21104
19:42:22.705,27484,2220,21104
19:42:24.260,27484,2220,21104
19:42:25.847,27484,2220,21104
19:42:27.366,27484,2220,21104
19:42:28.961,27484,2220,21104
19:42:30.562,27484,2220,21104
19:42:32.091,27484,2220,21104
19:42:33.688,27484,2220,21104
19:42:35.231,27484,2220,21104
19:42:36.818,27484,2220,21104
19:42:38.365,27484,2220,21104
19:42:39.939,27484,2220,21104
19:42:41.503,27484,2220,21104
19:42:43.089,27484,2220,21104
19:42:44.631,27484,2220,21104
19:42:46.284,27484,2220,21104
19:42:47.812,27484,2220,21104
19:42:49.435,27484,2220,21104
19:42:51.003,27484,2220,21104
19:42:52.538,27484,2220,21104
19:42:54.067,27484,2220,21104
19:42:55.619,27484,2220,21104
19:42:57.215,27484,2220,21104
19:42:58.779,27484,2220,21104
19:43:00.351,27484,2220,21104
19:43:01.962,27484,2220,21104
19:43:03.505,27484,2220,21104
19:43:05.052,27484,2220,21104
19:43:06.624,27484,2220,21104
19:43:08.211,27484,2220,21104
19:43:09.773,27484,2220,21104
19:43:11.387,27484,2220,21104
19:43:12.990,27484,2220,21104
19:43:14.573,27484,2220,21104
19:43:16.191,27484,2220,21104
19:43:17.793,27484,2220,21104
19:43:19.369,27484,2220,21104
19:43:21.002,27484,2220,21104
19:43:22.614,27484,2220,21104
19:43:24.202,27484,2220,21104
19:43:25.745,27484,2220,21104
19:43:27.297,27484,2220,21104
19:43:28.861,27484,2220,21104
19:43:30.448,27484,2220,21104
19:43:31.986,27484,2220,21104
19:43:33.593,27484,2220,21104
19:43:35.162,27484,2220,21104
19:43:36.739,27484,2220,21104
19:43:38.298,27484,2220,21104
19:43:39.902,27484,2220,21104
19:43:41.469,27484,2220,21104
19:43:43.068,27484,2220,21104
19:43:44.710,27484,2220,21104
19:43:46.393,27484,2220,21104
19:43:47.948,27484,2220,21104
19:43:49.483,27484,2220,21104
19:43:51.059,27484,2220,21104
19:43:52.637,27484,2220,21104
19:43:54.186,27484,2220,21104
19:43:55.800,27484,2220,21104
19:43:57.418,27484,2220,21104
19:43:58.963,27484,2220,21104
19:44:00.518,27484,2220,21104
19:44:02.062,27484,2220,21104
19:44:03.690,27484,2220,21104
19:44:05.263,27484,2220,21104
19:44:06.851,27484,2220,21104
19:44:08.388,27484,2220,21104
19:44:09.976,27484,2220,21104
19:44:11.538,27484,2220,21104
19:44:13.076,27484,2220,21104
19:44:14.670,27484,2220,21104
19:44:16.360,27484,2220,21104
19:44:17.929,27484,2220,21104
19:44:19.511,27484,2220,21104
19:44:21.082,27484,2220,21104
19:44:22.699,27484,2220,21104
19:44:24.292,27484,2220,21104
19:44:25.883,27484,2220,21104
19:44:27.424,27484,2220,21104
19:44:28.948,27484,2220,21104
19:44:30.471,27484,2220,21104
19:44:32.040,27484,2220,21104
19:44:33.622,27484,2220,21104
19:44:35.190,27484,2220,21104
19:44:36.798,27484,2220,21104
19:44:38.326,27484,2220,21104
19:44:39.871,27484,2220,21104
19:44:41.472,27484,2220,21104
19:44:43.069,27484,2220,21104
19:44:44.643,27484,2220,21104
19:44:46.350,27484,2220,21104
19:44:47.924,27484,2220,21104
19:44:49.515,27484,2220,21104
19:44:51.042,27484,2220,21104
19:44:52.646,27484,2220,21104
19:44:54.189,27484,2220,21104
19:44:55.784,27484,2220,21104
19:44:57.322,27484,2220,21104
19:44:58.889,27484,2220,21104
19:45:00.447,27484,2220,21104
19:45:02.009,27484,2220,21104
19:45:03.603,27484,2220,21104
19:45:05.198,27484,2220,21104
19:45:06.743,27484,2220,21104
19:45:08.305,27484,2220,21104
19:45:09.890,27484,2220,21104
19:45:11.471,27484,2220,21104
19:45:13.031,27484,2220,21104
19:45:14.629,27484,2220,21104
19:45:16.253,27484,2220,21104
19:45:17.801,27484,2220,21104
19:45:19.360,27484,2220,21104
19:45:20.964,27484,2220,21104
19:45:22.533,27484,2220,21104
19:45:24.066,27484,2220,21104
19:45:25.628,27484,2220,21104
19:45:27.199,27484,2220,21104
19:45:28.784,27484,2220,21104
19:45:30.385,27484,2220,21104
19:45:31.924,27484,2220,21104
19:45:33.544,27484,2220,21104
19:45:35.089,27484,2220,21104
19:45:36.634,27484,2220,21104
19:45:38.178,27484,2220,21104
19:45:39.792,27484,2220,21104
19:45:41.348,27484,2220,21104
19:45:42.923,27484,2220,21104
19:45:44.445,27484,2220,21104
19:45:46.162,27484,2220,21104
19:45:47.750,27484,2220,21104
19:45:49.302,27484,2220,21104
19:45:50.902,27484,2220,21104
19:45:52.490,27484,2220,21104
19:45:54.060,27484,2220,21104
19:45:55.633,27484,2220,21104
19:45:57.190,27484,2220,21104
19:45:58.784,27484,2220,21104
19:46:00.379,27484,2220,21104
19:46:01.928,27484,2220,21104
19:46:03.550,27484,2220,21104
19:46:05.099,27484,2220,21104
19:46:06.687,27484,2220,21104
19:46:08.269,27484,2220,21104
19:46:09.832,27484,2220,21104
19:46:11.394,27484,2220,21104
19:46:12.929,27484,2220,21104
19:46:14.490,27484,2220,21104
19:46:16.209,27484,2220,21104
19:46:17.757,27484,2220,21104
19:46:19.348,27484,2220,21104
19:46:20.901,27484,2220,21104
19:46:22.496,27484,2220,21104
19:46:24.072,27484,2220,21104
19:46:25.642,27484,2220,21104
19:46:27.200,27484,2220,21104
19:46:28.725,27484,2220,21104
19:46:30.333,27484,2220,21104
19:46:31.925,27484,2220,21104
19:46:33.479,27484,2220,21104
19:46:35.005,27484,2220,21104
19:46:36.584,27484,2220,21104
19:46:38.167,27484,2220,21104
19:46:39.744,27484,2220,21104
19:46:41.317,27484,2220,21104
19:46:42.862,27484,2220,21104
19:46:44.438,27484,2220,21104
19:46:46.128,27484,2220,21104
19:46:47.715,27484,2220,21104
19:46:49.265,27484,2220,21104
19:46:50.825,27484,2220,21104
19:46:52.386,27484,2220,21104
19:46:53.952,27484,2220,21104
19:46:55.538,27484,2220,21104
19:46:57.083,27484,2220,21104
19:46:58.654,27484,2220,21104
19:47:00.236,27484,2220,21104
19:47:01.846,27484,2220,21104
19:47:03.434,27484,2220,21104
19:47:04.988,27484,2220,21104
19:47:06.561,27484,2220,21104
19:47:08.109,27484,2220,21104
19:47:09.693,27484,2220,21104
19:47:11.281,27484,2220,21104
19:47:12.824,27484,2220,21104
19:47:14.378,27484,2220,21104
19:47:16.104,27484,2220,21104
19:47:17.725,27484,2220,21104
19:47:19.281,27484,2220,21104
19:47:20.860,27484,2220,21104
19:47:22.410,27484,2220,21104
19:47:23.987,27484,2220,21104
19:47:25.566,27484,2220,21104
19:47:27.079,27484,2220,21104
19:47:28.626,27484,2220,21104
19:47:30.152,27484,2220,21104
19:47:31.735,27484,2220,21104
19:47:33.281,27484,2220,21104
19:47:34.857,27484,2220,21104
19:47:36.417,27484,2220,21104
19:47:38.007,27484,2220,21104
19:47:39.601,27484,2220,21104
19:47:41.151,27484,2220,21104
19:47:42.716,27484,2220,21104
19:47:44.302,27484,2220,21104
19:47:45.939,27484,2220,21104
19:47:47.511,27484,2220,21104
19:47:49.038,27484,2220,21104
19:47:50.580,27484,2220,21104
19:47:52.120,27484,2220,21104
19:47:53.720,27484,2220,21104
19:47:55.287,27484,2220,21104
19:47:56.851,27484,2220,21104
19:47:58.420,27484,2220,21104
19:48:00.018,27484,2220,21104
19:48:01.583,27484,2220,21104
19:48:03.165,27484,2220,21104
19:48:04.745,27484,2220,21104
19:48:06.301,27484,2220,21104
19:48:07.852,27484,2220,21104
19:48:09.394,27484,2220,21104
19:48:10.986,27484,2220,21104
19:48:12.541,27484,2220,21104
19:48:14.098,27484,2220,21104
19:48:15.678,27484,2220,21104
19:48:17.239,27484,2220,21104
19:48:18.834,27484,2220,21104
19:48:20.379,27484,2220,21104
19:48:21.942,27484,2220,21104
19:48:23.603,27484,2220,21104
19:48:25.140,27484,2220,21104
19:48:26.722,27484,2220,21104
19:48:28.304,27484,2220,21104
19:48:29.928,27484,2220,21104
19:48:31.529,27484,2220,21104
19:48:33.064,27484,2220,21104
19:48:34.640,27484,2220,21104
19:48:36.216,27484,2220,21104
19:48:37.808,27484,2220,21104
19:48:39.400,27484,2220,21104
19:48:40.993,27484,2220,21104
19:48:42.533,27484,2220,21104
19:48:44.068,27484,2220,21104
19:48:45.715,27484,2220,21104
19:48:47.281,27484,2220,21104
19:48:48.851,27484,2220,21104
19:48:50.517,27484,2220,21104
19:48:52.085,27484,2220,21104
19:48:53.626,27484,2220,21104
19:48:55.203,27484,2220,21104
19:48:56.764,27484,2220,21104
19:48:58.324,27484,2220,21104
19:48:59.895,27484,2220,21104
19:49:01.538,27484,2220,21104
19:49:03.106,27484,2220,21104
19:49:04.703,27484,2220,21104
19:49:06.235,27484,2220,21104
19:49:07.809,27484,2220,21104
19:49:09.384,27484,2220,21104
19:49:10.960,27484,2220,21104
19:49:12.564,27484,2220,21104
19:49:14.102,27484,2220,21104
19:49:15.656,27484,2220,21104
19:49:17.224,27484,2220,21104
19:49:18.829,27484,2220,21104
19:49:20.407,27484,2220,21104
19:49:22.015,27484,2220,21104
19:49:23.640,27484,2220,21104
19:49:25.185,27484,2220,21104
19:49:26.743,27484,2220,21104
19:49:28.296,27484,2220,21104
19:49:29.869,27484,2220,21104
19:49:31.509,27484,2220,21104
19:49:33.058,27484,2220,21104
19:49:34.644,27484,2220,21104
19:49:36.191,27484,2220,21104
19:49:37.753,27484,2220,21104
19:49:39.319,27484,2220,21104
19:49:40.872,27484,2220,21104
19:49:42.449,27484,2220,21104
19:49:44.044,27484,2220,21104
19:49:45.643,27484,2220,21104
19:49:47.175,27484,2220,21104
19:49:48.770,27484,2220,21104
19:49:50.369,27484,2220,21104
19:49:51.966,27484,2220,21104
19:49:53.605,27484,2220,21104
19:49:55.211,27484,2220,21104
19:49:56.780,27484,2220,21104
19:49:58.440,27484,2220,21104
19:50:00.114,27484,2220,21104
19:50:01.705,27484,2220,21104
19:50:03.240,27484,2220,21104
19:50:04.845,27484,2220,21104
19:50:06.451,27484,2220,21104
19:50:08.007,27484,2220,21104
19:50:09.561,27484,2220,21104
19:50:11.146,27484,2220,21104
19:50:12.726,27484,2220,21104

