key,Pcp1:cn.cj.pe:pushservice
alias,PCP1
unit,(%)
begin date,2018-02-03
end date,2018-02-03
count,34

min,0.0%
max,0.16%
avg,0.01%

14:19:44.553,0.01%
14:19:45.814,0.0%
14:19:47.383,0.0%
14:19:48.874,0.0%
14:19:50.411,0.0%
14:19:51.949,0.16%
14:19:53.420,0.0%
14:19:54.963,0.0%
14:19:56.514,0.0%
14:19:57.980,0.0%
14:19:59.503,0.0%
14:20:01.027,0.0%
14:20:02.536,0.0%
14:20:04.080,0.0%
14:20:05.647,0.0%
14:20:07.169,0.0%
14:20:08.675,0.0%
14:20:10.207,0.0%
14:20:11.738,0.0%
14:20:13.264,0.16%
14:20:14.779,0.0%
14:20:16.394,0.0%
14:20:17.919,0.0%
14:20:19.460,0.0%
14:20:21.000,0.0%
14:20:22.527,0.0%
14:20:24.057,0.0%
14:20:25.611,0.0%
14:20:27.152,0.16%
14:20:28.901,0.0%
14:20:30.410,0.0%
14:20:31.948,0.0%
14:20:33.517,0.0%
14:20:35.043,0.0%
