key,Pcp0:com.corp21cn.mail189
alias,PCP0
unit,(%)
begin date,2018-01-17
end date,2018-01-17
count,25

min,0.0%
max,15.59%
avg,10.6%

14:12:33.054,0.21%
14:12:34.723,0.15%
14:12:36.423,2.35%
14:12:38.187,0.0%
14:12:39.801,1.1%
14:12:41.246,14.8%
14:12:42.711,11.07%
14:12:44.150,14.7%
14:12:45.585,12.02%
14:12:47.091,13.2%
14:12:48.519,13.6%
14:12:49.956,12.52%
14:12:51.397,13.44%
14:12:52.837,12.94%
14:12:54.329,11.55%
14:12:55.780,13.56%
14:12:57.209,11.89%
14:12:58.679,12.2%
14:13:00.112,15.59%
14:13:01.536,12.25%
14:13:03.067,13.03%
14:13:04.509,13.87%
14:13:05.963,12.67%
14:13:07.437,12.7%
14:13:08.868,13.76%
