key,Pcp1:com.corp21cn.mail189:maillive_service
alias,PCP1
unit,(%)
begin date,2018-01-17
end date,2018-01-17
count,25

min,0.0%
max,0.0%
avg,0.0%

14:12:33.109,0.0%
14:12:34.769,0.0%
14:12:36.459,0.0%
14:12:38.245,0.0%
14:12:39.833,0.0%
14:12:41.284,0.0%
14:12:42.750,0.0%
14:12:44.187,0.0%
14:12:45.628,0.0%
14:12:47.126,0.0%
14:12:48.558,0.0%
14:12:49.990,0.0%
14:12:51.431,0.0%
14:12:52.873,0.0%
14:12:54.373,0.0%
14:12:55.823,0.0%
14:12:57.246,0.0%
14:12:58.716,0.0%
14:13:00.151,0.0%
14:13:01.570,0.0%
14:13:03.104,0.0%
14:13:04.555,0.0%
14:13:06.002,0.0%
14:13:07.471,0.0%
14:13:08.903,0.0%
