key,Pcp2:com.corp21cn.mail189:process1
alias,PCP2
unit,(%)
begin date,2018-01-17
end date,2018-01-17
count,25

min,0.0%
max,0.18%
avg,0.0%

14:12:33.185,0.0%
14:12:34.853,0.0%
14:12:36.528,0.0%
14:12:38.321,0.0%
14:12:39.888,0.0%
14:12:41.331,0.0%
14:12:42.804,0.0%
14:12:44.236,0.0%
14:12:45.677,0.0%
14:12:47.172,0.0%
14:12:48.607,0.0%
14:12:50.039,0.0%
14:12:51.482,0.0%
14:12:52.923,0.0%
14:12:54.426,0.0%
14:12:55.870,0.0%
14:12:57.293,0.18%
14:12:58.764,0.0%
14:13:00.202,0.0%
14:13:01.618,0.0%
14:13:03.155,0.0%
14:13:04.607,0.0%
14:13:06.051,0.0%
14:13:07.518,0.0%
14:13:08.954,0.0%
