key,Pr0:com.corp21cn.mail189
alias,Pri0
unit,(KB)
begin date,2018-01-17
end date,2018-01-17
count,25

,total,dalvik,native
min,32576.0,20364.0,7868.0
max,39436.0,26824.0,7940.0
avg,36190.0,23744.0,7934.0

14:12:33.332,37112,24652,7868
14:12:35.109,37108,24656,7868
14:12:36.750,36384,23824,7940
14:12:38.487,36388,23824,7940
14:12:40.013,36592,24048,7940
14:12:41.446,38432,25844,7940
14:12:42.932,39144,26504,7940
14:12:44.357,32576,20364,7940
14:12:45.824,32824,20612,7940
14:12:47.287,33080,20824,7940
14:12:48.726,33344,21072,7940
14:12:50.163,33312,21000,7940
14:12:51.600,33936,21580,7940
14:12:53.042,34632,22248,7940
14:12:54.549,35524,23088,7940
14:12:55.989,36124,23656,7940
14:12:57.438,36808,24312,7940
14:12:58.883,37584,25040,7940
14:13:00.318,38644,26064,7940
14:13:01.771,39436,26824,7940
14:13:03.277,37880,25508,7940
14:13:04.726,38340,25932,7940
14:13:06.170,38584,26148,7940
14:13:07.637,35116,22640,7940
14:13:09.076,35860,23344,7940

