key,Pr1:com.corp21cn.mail189:maillive_service
alias,Pri1
unit,(KB)
begin date,2018-01-17
end date,2018-01-17
count,25

,total,dalvik,native
min,2112.0,676.0,756.0
max,2112.0,676.0,756.0
avg,2112.0,676.0,756.0

14:12:33.394,2112,676,756
14:12:35.167,2112,676,756
14:12:36.836,2112,676,756
14:12:38.582,2112,676,756
14:12:40.063,2112,676,756
14:12:41.499,2112,676,756
14:12:42.979,2112,676,756
14:12:44.406,2112,676,756
14:12:45.877,2112,676,756
14:12:47.335,2112,676,756
14:12:48.777,2112,676,756
14:12:50.215,2112,676,756
14:12:51.651,2112,676,756
14:12:53.098,2112,676,756
14:12:54.599,2112,676,756
14:12:56.038,2112,676,756
14:12:57.491,2112,676,756
14:12:58.933,2112,676,756
14:13:00.367,2112,676,756
14:13:01.853,2112,676,756
14:13:03.327,2112,676,756
14:13:04.777,2112,676,756
14:13:06.227,2112,676,756
14:13:07.687,2112,676,756
14:13:09.127,2112,676,756

