key,Pr2:com.corp21cn.mail189:process1
alias,Pri2
unit,(KB)
begin date,2018-01-17
end date,2018-01-17
count,25

,total,dalvik,native
min,3412.0,1408.0,808.0
max,3424.0,1420.0,808.0
avg,3414.0,1410.0,808.0

14:12:33.535,3412,1408,808
14:12:35.259,3412,1408,808
14:12:36.975,3412,1408,808
14:12:38.682,3412,1408,808
14:12:40.132,3412,1408,808
14:12:41.597,3412,1408,808
14:12:43.045,3412,1408,808
14:12:44.475,3412,1408,808
14:12:45.967,3412,1408,808
14:12:47.400,3412,1408,808
14:12:48.847,3412,1408,808
14:12:50.288,3412,1408,808
14:12:51.720,3412,1408,808
14:12:53.209,3412,1408,808
14:12:54.666,3412,1408,808
14:12:56.103,3412,1408,808
14:12:57.564,3416,1412,808
14:12:59.003,3416,1412,808
14:13:00.430,3416,1412,808
14:13:01.958,3416,1412,808
14:13:03.396,3420,1416,808
14:13:04.847,3424,1420,808
14:13:06.320,3424,1420,808
14:13:07.755,3424,1420,808
14:13:09.195,3424,1420,808

