key,Pr0:com.netease.mail
alias,Pri0
unit,(KB)
begin date,2018-01-17
end date,2018-01-17
count,13

,total,dalvik,native
min,102200.0,30532.0,0.0
max,131252.0,31068.0,0.0
avg,122507.0,30698.0,0.0

17:52:51.790,130956,30568,0
17:52:53.131,130956,30568,0
17:52:54.498,130968,30576,0
17:52:55.874,131044,30608,0
17:52:57.316,131252,30636,0
17:52:58.723,131108,30724,0
17:53:00.092,131112,30776,0
17:53:01.494,131156,30776,0
17:53:02.865,130956,30772,0
17:53:04.256,106288,31068,0
17:53:05.644,102344,30884,0
17:53:07.042,102200,30532,0
17:53:08.400,102256,30596,0

