key,Pcp0:com.netease.mail
alias,PCP0
unit,(%)
begin date,2018-01-17
end date,2018-01-17
count,27

min,0.0%
max,21.53%
avg,2.72%

16:52:58.538,0.0%
16:52:59.655,0.0%
16:53:01.011,0.0%
16:53:02.483,0.0%
16:53:03.943,0.0%
16:53:05.417,4.92%
16:53:06.842,0.0%
16:53:08.365,0.0%
16:53:09.743,0.0%
16:53:11.123,0.0%
16:53:12.573,0.0%
16:53:13.973,0.0%
16:53:15.388,0.0%
16:53:16.784,0.0%
16:53:18.184,0.0%
16:53:19.574,0.0%
16:53:20.976,0.0%
16:53:22.379,21.47%
16:53:23.793,11.32%
16:53:25.184,21.53%
16:53:26.570,0.0%
16:53:27.956,0.0%
16:53:29.480,0.0%
16:53:30.859,0.0%
16:53:32.279,14.28%
16:53:33.705,0.0%
16:53:35.122,0.0%
