key,Pcp1:com.netease.mail:mailservice
alias,PCP1
unit,(%)
begin date,2018-01-17
end date,2018-01-17
count,27

min,0.0%
max,0.0%
avg,0.0%

16:52:58.608,0.0%
16:52:59.702,0.0%
16:53:01.060,0.0%
16:53:02.525,0.0%
16:53:04.049,0.0%
16:53:05.462,0.0%
16:53:06.895,0.0%
16:53:08.408,0.0%
16:53:09.786,0.0%
16:53:11.169,0.0%
16:53:12.619,0.0%
16:53:14.047,0.0%
16:53:15.454,0.0%
16:53:16.835,0.0%
16:53:18.247,0.0%
16:53:19.619,0.0%
16:53:21.043,0.0%
16:53:22.445,0.0%
16:53:23.837,0.0%
16:53:25.241,0.0%
16:53:26.619,0.0%
16:53:28.004,0.0%
16:53:29.517,0.0%
16:53:30.925,0.0%
16:53:32.352,0.0%
16:53:33.750,0.0%
16:53:35.170,0.0%
