key,Pr1:com.netease.mail:mailservice
alias,Pri1
unit,(KB)
begin date,2018-01-17
end date,2018-01-17
count,27

,total,dalvik,native
min,1016.0,196.0,0.0
max,1016.0,196.0,0.0
avg,1016.0,196.0,0.0

16:52:59.962,1016,196,0
16:53:01.402,1016,196,0
16:53:02.814,1016,196,0
16:53:04.353,1016,196,0
16:53:05.748,1016,196,0
16:53:07.161,1016,196,0
16:53:08.672,1016,196,0
16:53:10.037,1016,196,0
16:53:11.510,1016,196,0
16:53:12.899,1016,196,0
16:53:14.311,1016,196,0
16:53:15.722,1016,196,0
16:53:17.110,1016,196,0
16:53:18.515,1016,196,0
16:53:19.903,1016,196,0
16:53:21.311,1016,196,0
16:53:22.719,1016,196,0
16:53:24.109,1016,196,0
16:53:25.505,1016,196,0
16:53:26.886,1016,196,0
16:53:28.340,1016,196,0
16:53:29.790,1016,196,0
16:53:31.195,1016,196,0
16:53:32.631,1016,196,0
16:53:34.063,1016,196,0
16:53:35.466,1016,196,0
16:53:36.858,1016,196,0

