key,Pcp1:cn.cj.pe:richpush
alias,PCP1
unit,(%)
begin date,2017-10-12
end date,2017-10-12
count,22

min,0.0%
max,1.03%
avg,0.11%

11:53:12.935,0.0%
11:53:14.232,0.2%
11:53:15.448,0.0%
11:53:16.655,0.0%
11:53:17.944,0.0%
11:53:19.208,0.0%
11:53:20.459,0.6%
11:53:21.679,0.0%
11:53:22.918,0.0%
11:53:24.159,0.0%
11:53:25.373,1.03%
11:53:26.625,0.0%
11:53:27.878,0.2%
11:53:29.150,0.0%
11:53:30.423,0.6%
11:53:31.716,0.0%
11:53:33.011,0.0%
11:53:34.278,0.0%
11:53:35.558,0.0%
11:53:36.845,0.0%
11:53:38.084,0.0%
11:53:39.341,0.0%
