key,Pcp0:com.tencent.androidqqmail
alias,PCP0
unit,(%)
begin date,2018-01-12
end date,2018-01-12
count,86

min,0.0%
max,0.36%
avg,0.01%

15:37:23.630,0.0%
15:37:24.751,0.0%
15:37:26.089,0.0%
15:37:27.431,0.0%
15:37:28.804,0.0%
15:37:30.160,0.0%
15:37:31.567,0.0%
15:37:32.946,0.0%
15:37:34.396,0.0%
15:37:35.767,0.0%
15:37:37.130,0.19%
15:37:38.472,0.0%
15:37:39.961,0.0%
15:37:41.410,0.0%
15:37:42.825,0.0%
15:37:44.164,0.0%
15:37:45.519,0.0%
15:37:46.916,0.0%
15:37:48.419,0.0%
15:37:49.869,0.0%
15:37:51.216,0.0%
15:37:52.582,0.0%
15:37:53.952,0.0%
15:37:55.345,0.0%
15:37:56.707,0.0%
15:37:58.067,0.25%
15:37:59.426,0.0%
15:38:00.831,0.0%
15:38:02.152,0.0%
15:38:03.494,0.25%
15:38:04.889,0.0%
15:38:06.276,0.0%
15:38:07.694,0.0%
15:38:09.066,0.0%
15:38:10.505,0.0%
15:38:11.866,0.0%
15:38:13.203,0.21%
15:38:14.564,0.0%
15:38:15.938,0.0%
15:38:17.351,0.0%
15:38:18.693,0.0%
15:38:20.048,0.0%
15:38:21.399,0.0%
15:38:22.752,0.0%
15:38:24.112,0.0%
15:38:25.459,0.0%
15:38:26.820,0.0%
15:38:28.175,0.0%
15:38:29.571,0.0%
15:38:30.940,0.0%
15:38:32.288,0.0%
15:38:33.677,0.0%
15:38:35.051,0.0%
15:38:36.425,0.0%
15:38:37.821,0.0%
15:38:39.187,0.0%
15:38:40.604,0.0%
15:38:41.994,0.0%
15:38:43.440,0.23%
15:38:44.796,0.0%
15:38:46.165,0.0%
15:38:47.524,0.0%
15:38:48.928,0.0%
15:38:50.306,0.36%
15:38:51.702,0.0%
15:38:53.137,0.0%
15:38:54.495,0.0%
15:38:55.945,0.0%
15:38:57.280,0.0%
15:38:58.626,0.0%
15:39:00.065,0.0%
15:39:01.450,0.0%
15:39:02.788,0.0%
15:39:04.141,0.0%
15:39:05.470,0.0%
15:39:06.866,0.14%
15:39:08.198,0.0%
15:39:09.576,0.0%
15:39:10.910,0.0%
15:39:12.320,0.0%
15:39:13.775,0.0%
15:39:15.149,0.0%
15:39:16.481,0.0%
15:39:17.850,0.0%
15:39:19.248,0.0%
15:39:20.610,0.0%
