key,Pcp1:com.tencent.androidqqmail:Push
alias,PCP1
unit,(%)
begin date,2018-01-12
end date,2018-01-12
count,85

min,0.0%
max,0.35%
avg,0.0%

15:37:23.697,0.0%
15:37:24.804,0.0%
15:37:26.139,0.0%
15:37:27.477,0.0%
15:37:28.860,0.0%
15:37:30.207,0.0%
15:37:31.626,0.0%
15:37:33.027,0.24%
15:37:34.464,0.0%
15:37:35.831,0.0%
15:37:37.191,0.0%
15:37:38.521,0.0%
15:37:40.047,0.0%
15:37:41.495,0.0%
15:37:42.870,0.0%
15:37:44.217,0.0%
15:37:45.609,0.0%
15:37:46.983,0.0%
15:37:48.486,0.0%
15:37:49.917,0.0%
15:37:51.275,0.0%
15:37:52.639,0.0%
15:37:54.021,0.0%
15:37:55.431,0.0%
15:37:56.770,0.0%
15:37:58.121,0.0%
15:37:59.487,0.0%
15:38:00.878,0.0%
15:38:02.206,0.0%
15:38:03.555,0.0%
15:38:04.938,0.0%
15:38:06.368,0.35%
15:38:07.754,0.0%
15:38:09.217,0.0%
15:38:10.559,0.0%
15:38:11.936,0.0%
15:38:13.284,0.0%
15:38:14.620,0.0%
15:38:16.015,0.0%
15:38:17.403,0.0%
15:38:18.745,0.0%
15:38:20.100,0.0%
15:38:21.448,0.0%
15:38:22.803,0.0%
15:38:24.153,0.0%
15:38:25.554,0.0%
15:38:26.875,0.0%
15:38:28.221,0.0%
15:38:29.642,0.0%
15:38:30.986,0.0%
15:38:32.368,0.0%
15:38:33.739,0.0%
15:38:35.105,0.0%
15:38:36.490,0.0%
15:38:37.867,0.0%
15:38:39.235,0.0%
15:38:40.661,0.0%
15:38:42.065,0.0%
15:38:43.494,0.0%
15:38:44.853,0.0%
15:38:46.224,0.0%
15:38:47.585,0.0%
15:38:48.997,0.0%
15:38:50.397,0.0%
15:38:51.814,0.0%
15:38:53.191,0.0%
15:38:54.559,0.0%
15:38:55.994,0.0%
15:38:57.332,0.0%
15:38:58.726,0.0%
15:39:00.171,0.0%
15:39:01.499,0.0%
15:39:02.851,0.0%
15:39:04.191,0.0%
15:39:05.514,0.0%
15:39:06.914,0.0%
15:39:08.253,0.0%
15:39:09.623,0.0%
15:39:10.965,0.0%
15:39:12.410,0.0%
15:39:13.829,0.0%
15:39:15.195,0.0%
15:39:16.536,0.0%
15:39:17.908,0.0%
15:39:19.310,0.0%
