key,Pr0:com.tencent.androidqqmail
alias,Pri0
unit,(KB)
begin date,2018-01-12
end date,2018-01-12
count,85

,total,dalvik,native
min,46976.0,22332.0,0.0
max,47756.0,23064.0,0.0
avg,47352.0,22684.0,0.0

15:37:24.915,46976,22332,0
15:37:26.273,46976,22332,0
15:37:27.600,47004,22360,0
15:37:28.982,47004,22360,0
15:37:30.317,47012,22364,0
15:37:31.741,47048,22400,0
15:37:33.161,47068,22420,0
15:37:34.589,47068,22420,0
15:37:35.949,47088,22440,0
15:37:37.300,47088,22440,0
15:37:38.683,47088,22440,0
15:37:40.214,47096,22448,0
15:37:41.613,47096,22448,0
15:37:42.993,47112,22460,0
15:37:44.315,47112,22460,0
15:37:45.717,47132,22480,0
15:37:47.128,47132,22480,0
15:37:48.651,47144,22492,0
15:37:50.020,47144,22492,0
15:37:51.399,47152,22500,0
15:37:52.756,47152,22500,0
15:37:54.141,47152,22500,0
15:37:55.531,47152,22500,0
15:37:56.883,47156,22504,0
15:37:58.235,47180,22528,0
15:37:59.601,47180,22528,0
15:38:00.981,47212,22556,0
15:38:02.320,47212,22556,0
15:38:03.680,47220,22564,0
15:38:05.044,47220,22564,0
15:38:06.482,47240,22580,0
15:38:07.867,47240,22580,0
15:38:09.323,47260,22596,0
15:38:10.680,47260,22596,0
15:38:12.032,47260,22596,0
15:38:13.402,47272,22608,0
15:38:14.731,47272,22608,0
15:38:16.119,47300,22632,0
15:38:17.508,47300,22632,0
15:38:18.852,47312,22644,0
15:38:20.209,47316,22644,0
15:38:21.559,47348,22676,0
15:38:22.907,47348,22676,0
15:38:24.271,47368,22696,0
15:38:25.650,47368,22696,0
15:38:26.977,47368,22696,0
15:38:28.321,47388,22716,0
15:38:29.748,47388,22716,0
15:38:31.096,47420,22744,0
15:38:32.499,47420,22744,0
15:38:33.854,47432,22756,0
15:38:35.218,47432,22756,0
15:38:36.647,47436,22760,0
15:38:37.985,47436,22760,0
15:38:39.354,47456,22780,0
15:38:40.776,47456,22780,0
15:38:42.177,47456,22780,0
15:38:43.604,47476,22796,0
15:38:44.968,47476,22796,0
15:38:46.342,47504,22824,0
15:38:47.706,47504,22824,0
15:38:49.108,47528,22848,0
15:38:50.514,47528,22848,0
15:38:51.933,47540,22860,0
15:38:53.300,47540,22860,0
15:38:54.702,47552,22872,0
15:38:56.105,47552,22872,0
15:38:57.436,47560,22876,0
15:38:58.837,47560,22876,0
15:39:00.283,47560,22876,0
15:39:01.609,47604,22920,0
15:39:02.954,47604,22920,0
15:39:04.301,47612,22928,0
15:39:05.634,47612,22928,0
15:39:07.025,47632,22948,0
15:39:08.369,47632,22948,0
15:39:09.737,47676,22984,0
15:39:11.081,47676,22984,0
15:39:12.525,47700,23008,0
15:39:13.933,47700,23008,0
15:39:15.297,47700,23008,0
15:39:16.645,47740,23048,0
15:39:18.024,47740,23048,0
15:39:19.429,47756,23064,0
15:39:20.777,47756,23064,0

