key,Pr1:com.tencent.androidqqmail:Push
alias,Pri1
unit,(KB)
begin date,2018-01-12
end date,2018-01-12
count,85

,total,dalvik,native
min,11984.0,4664.0,0.0
max,12096.0,4756.0,0.0
avg,12034.0,4705.0,0.0

15:37:25.031,11984,4664,0
15:37:26.367,11984,4664,0
15:37:27.711,11984,4664,0
15:37:29.102,11984,4664,0
15:37:30.499,11984,4664,0
15:37:31.859,11984,4664,0
15:37:33.307,11984,4664,0
15:37:34.705,11984,4664,0
15:37:36.062,11984,4664,0
15:37:37.404,11984,4664,0
15:37:38.867,11984,4664,0
15:37:40.321,11984,4664,0
15:37:41.720,11984,4664,0
15:37:43.101,11984,4664,0
15:37:44.431,11984,4664,0
15:37:45.834,11984,4664,0
15:37:47.324,11984,4664,0
15:37:48.773,11984,4664,0
15:37:50.125,11984,4664,0
15:37:51.511,11984,4664,0
15:37:52.875,11984,4664,0
15:37:54.255,11984,4664,0
15:37:55.637,11984,4664,0
15:37:56.994,11984,4664,0
15:37:58.351,11984,4664,0
15:37:59.713,11984,4664,0
15:38:01.088,11984,4664,0
15:38:02.432,11984,4664,0
15:38:03.802,11984,4664,0
15:38:05.176,11984,4664,0
15:38:06.627,11984,4664,0
15:38:07.977,11984,4664,0
15:38:09.422,11984,4664,0
15:38:10.788,11984,4664,0
15:38:12.131,11984,4664,0
15:38:13.497,11984,4664,0
15:38:14.837,11984,4664,0
15:38:16.244,11984,4664,0
15:38:17.617,11984,4664,0
15:38:18.955,11984,4664,0
15:38:20.322,11996,4672,0
15:38:21.678,11996,4672,0
15:38:23.031,11996,4672,0
15:38:24.380,12020,4692,0
15:38:25.743,12040,4708,0
15:38:27.087,12040,4708,0
15:38:28.493,12064,4724,0
15:38:29.854,12064,4724,0
15:38:31.211,12064,4724,0
15:38:32.602,12064,4724,0
15:38:33.975,12064,4724,0
15:38:35.332,12064,4724,0
15:38:36.757,12064,4724,0
15:38:38.095,12080,4740,0
15:38:39.532,12096,4756,0
15:38:40.897,12096,4756,0
15:38:42.291,12096,4756,0
15:38:43.717,12096,4756,0
15:38:45.095,12096,4756,0
15:38:46.456,12096,4756,0
15:38:47.826,12096,4756,0
15:38:49.225,12096,4756,0
15:38:50.617,12096,4756,0
15:38:52.070,12096,4756,0
15:38:53.412,12096,4756,0
15:38:54.878,12096,4756,0
15:38:56.204,12096,4756,0
15:38:57.544,12096,4756,0
15:38:58.945,12096,4756,0
15:39:00.389,12096,4756,0
15:39:01.720,12096,4756,0
15:39:03.068,12096,4756,0
15:39:04.407,12096,4756,0
15:39:05.808,12096,4756,0
15:39:07.129,12096,4756,0
15:39:08.473,12096,4756,0
15:39:09.842,12096,4756,0
15:39:11.214,12096,4756,0
15:39:12.633,12096,4756,0
15:39:14.074,12096,4756,0
15:39:15.417,12096,4756,0
15:39:16.773,12096,4756,0
15:39:18.150,12096,4756,0
15:39:19.548,12096,4756,0
15:39:20.896,12096,4756,0

