key,Pr1:cn.cj.pe:monitorService
alias,Pri1
unit,(KB)
begin date,2017-09-19
end date,2017-09-19
count,11

,total,dalvik,native
min,25764.0,2576.0,18920.0
max,26312.0,2928.0,18996.0
avg,25939.0,2693.0,18940.0

15:38:57.698,25764,2576,18920
15:38:59.130,25792,2596,18920
15:39:00.534,25792,2596,18920
15:39:02.083,25792,2596,18920
15:39:03.586,25792,2596,18920
15:39:05.064,25824,2628,18920
15:39:06.563,25824,2628,18920
15:39:08.021,25824,2628,18920
15:39:09.473,26312,2928,18996
15:39:11.047,26312,2928,18996
15:39:12.583,26308,2928,18996

