key,Pr2:cn.cj.pe:richpush
alias,Pri2
unit,(KB)
begin date,2018-02-03
end date,2018-02-03
count,38

,total,dalvik,native
min,28088.0,2680.0,20992.0
max,28436.0,2992.0,21020.0
avg,28164.0,2740.0,21002.0

15:24:52.747,28208,2788,20992
15:24:54.145,28208,2788,20992
15:24:55.433,28208,2788,20992
15:24:56.793,28208,2788,20992
15:24:58.168,28208,2788,20992
15:24:59.512,28392,2936,21020
15:25:00.853,28392,2936,21020
15:25:02.222,28420,2984,21020
15:25:03.591,28436,2992,21020
15:25:04.926,28436,2992,21020
15:25:06.292,28436,2992,21020
15:25:07.633,28088,2680,21000
15:25:08.981,28092,2680,21000
15:25:10.366,28092,2680,21000
15:25:11.747,28092,2680,21000
15:25:13.114,28092,2680,21000
15:25:14.491,28096,2680,21000
15:25:15.874,28096,2680,21000
15:25:17.207,28100,2680,21000
15:25:18.595,28100,2680,21000
15:25:19.926,28100,2680,21000
15:25:21.275,28100,2680,21000
15:25:22.653,28100,2680,21000
15:25:23.994,28100,2680,21000
15:25:25.370,28100,2680,21000
15:25:26.725,28104,2680,21000
15:25:28.131,28104,2680,21000
15:25:29.492,28104,2680,21000
15:25:30.852,28104,2680,21000
15:25:32.232,28104,2680,21000
15:25:33.615,28104,2680,21000
15:25:34.994,28104,2680,21000
15:25:36.349,28104,2680,21000
15:25:37.698,28104,2680,21000
15:25:39.049,28104,2680,21000
15:25:40.406,28104,2680,21000
15:25:41.763,28104,2680,21000
15:25:43.125,28104,2680,21000

