key,Pcp3:cn.cj.pe:CMCCSsoService
alias,PCP3
unit,(%)
begin date,2018-02-03
end date,2018-02-03
count,34

min,0.0%
max,0.17%
avg,0.01%

14:22:18.238,0.01%
14:22:19.445,0.0%
14:22:20.912,0.0%
14:22:22.426,0.0%
14:22:23.931,0.0%
14:22:25.446,0.0%
14:22:27.042,0.0%
14:22:28.561,0.16%
14:22:30.082,0.0%
14:22:31.680,0.0%
14:22:33.196,0.0%
14:22:34.701,0.0%
14:22:36.286,0.0%
14:22:37.824,0.0%
14:22:39.359,0.0%
14:22:40.877,0.0%
14:22:42.430,0.0%
14:22:43.942,0.0%
14:22:45.469,0.0%
14:22:47.007,0.0%
14:22:48.522,0.16%
14:22:50.028,0.0%
14:22:51.555,0.0%
14:22:53.090,0.0%
14:22:54.629,0.0%
14:22:56.192,0.0%
14:22:57.770,0.0%
14:22:59.325,0.0%
14:23:00.910,0.0%
14:23:02.409,0.0%
14:23:03.942,0.0%
14:23:05.446,0.17%
14:23:06.963,0.0%
14:23:08.485,0.0%
