key,Pcp0:cn.cj.pe
alias,PCP0
unit,(%)
begin date,2018-02-03
end date,2018-02-03
count,37

min,0.06%
max,23.45%
avg,15.14%

15:39:38.669,0.06%
15:39:40.093,0.17%
15:39:41.465,0.73%
15:39:42.782,13.06%
15:39:44.142,14.57%
15:39:45.492,20.29%
15:39:46.850,17.36%
15:39:48.176,16.69%
15:39:49.555,23.45%
15:39:50.916,12.21%
15:39:52.308,16.2%
15:39:53.633,21.59%
15:39:54.973,11.41%
15:39:56.354,16.69%
15:39:57.715,16.19%
15:39:59.089,16.16%
15:40:00.459,16.2%
15:40:01.838,15.64%
15:40:03.203,16.76%
15:40:04.550,16.63%
15:40:05.939,16.72%
15:40:07.285,16.14%
15:40:08.635,16.28%
15:40:10.028,16.69%
15:40:11.432,16.02%
15:40:12.795,16.34%
15:40:14.151,16.19%
15:40:15.520,16.76%
15:40:16.942,15.53%
15:40:18.306,16.88%
15:40:19.673,16.88%
15:40:21.042,14.9%
15:40:22.451,16.6%
15:40:23.820,16.79%
15:40:25.151,16.92%
15:40:26.528,16.44%
15:40:27.890,16.23%
