key,Pr1:cn.cj.pe:pushservice
alias,Pri1
unit,(KB)
begin date,2018-02-03
end date,2018-02-03
count,1100

,total,dalvik,native
min,28860.0,3468.0,21108.0
max,28868.0,3468.0,21108.0
avg,28860.0,3468.0,21108.0

22:51:15.031,28868,3468,21108
22:51:16.538,28868,3468,21108
22:51:18.089,28868,3468,21108
22:51:19.624,28860,3468,21108
22:51:21.197,28860,3468,21108
22:51:22.729,28860,3468,21108
22:51:24.234,28860,3468,21108
22:51:25.838,28860,3468,21108
22:51:27.420,28860,3468,21108
22:51:29.081,28860,3468,21108
22:51:30.764,28860,3468,21108
22:51:32.417,28860,3468,21108
22:51:34.088,28860,3468,21108
22:51:35.641,28860,3468,21108
22:51:37.244,28860,3468,21108
22:51:38.889,28860,3468,21108
22:51:40.445,28860,3468,21108
22:51:42.100,28860,3468,21108
22:51:43.635,28860,3468,21108
22:51:45.180,28860,3468,21108
22:51:46.758,28860,3468,21108
22:51:48.305,28860,3468,21108
22:51:49.880,28860,3468,21108
22:51:51.495,28860,3468,21108
22:51:53.075,28860,3468,21108
22:51:54.648,28860,3468,21108
22:51:56.218,28860,3468,21108
22:51:57.878,28860,3468,21108
22:51:59.486,28860,3468,21108
22:52:01.064,28860,3468,21108
22:52:02.641,28860,3468,21108
22:52:04.183,28860,3468,21108
22:52:05.784,28860,3468,21108
22:52:07.345,28860,3468,21108
22:52:08.963,28860,3468,21108
22:52:10.516,28860,3468,21108
22:52:12.088,28860,3468,21108
22:52:13.640,28860,3468,21108
22:52:15.236,28860,3468,21108
22:52:16.827,28860,3468,21108
22:52:18.389,28860,3468,21108
22:52:19.920,28860,3468,21108
22:52:21.469,28860,3468,21108
22:52:23.024,28860,3468,21108
22:52:24.619,28860,3468,21108
22:52:26.200,28860,3468,21108
22:52:27.833,28860,3468,21108
22:52:29.560,28860,3468,21108
22:52:31.146,28860,3468,21108
22:52:32.732,28860,3468,21108
22:52:34.349,28860,3468,21108
22:52:35.911,28860,3468,21108
22:52:37.481,28860,3468,21108
22:52:39.068,28860,3468,21108
22:52:40.648,28860,3468,21108
22:52:42.225,28860,3468,21108
22:52:43.773,28860,3468,21108
22:52:45.325,28860,3468,21108
22:52:46.868,28860,3468,21108
22:52:48.430,28860,3468,21108
22:52:50.002,28860,3468,21108
22:52:51.517,28860,3468,21108
22:52:53.088,28860,3468,21108
22:52:54.697,28860,3468,21108
22:52:56.269,28860,3468,21108
22:52:57.896,28860,3468,21108
22:52:59.484,28860,3468,21108
22:53:01.026,28860,3468,21108
22:53:02.606,28860,3468,21108
22:53:04.188,28860,3468,21108
22:53:05.762,28860,3468,21108
22:53:07.292,28860,3468,21108
22:53:08.856,28860,3468,21108
22:53:10.421,28860,3468,21108
22:53:12.010,28860,3468,21108
22:53:13.673,28860,3468,21108
22:53:15.250,28860,3468,21108
22:53:16.811,28860,3468,21108
22:53:18.386,28860,3468,21108
22:53:19.965,28860,3468,21108
22:53:21.562,28860,3468,21108
22:53:23.126,28860,3468,21108
22:53:24.752,28860,3468,21108
22:53:26.363,28860,3468,21108
22:53:28.072,28860,3468,21108
22:53:29.660,28860,3468,21108
22:53:31.225,28860,3468,21108
22:53:32.816,28860,3468,21108
22:53:34.392,28860,3468,21108
22:53:36.014,28860,3468,21108
22:53:37.604,28860,3468,21108
22:53:39.169,28860,3468,21108
22:53:40.759,28860,3468,21108
22:53:42.305,28860,3468,21108
22:53:43.861,28860,3468,21108
22:53:45.483,28860,3468,21108
22:53:47.047,28860,3468,21108
22:53:48.617,28860,3468,21108
22:53:50.133,28860,3468,21108
22:53:51.708,28860,3468,21108
22:53:53.257,28860,3468,21108
22:53:54.819,28860,3468,21108
22:53:56.403,28860,3468,21108
22:53:58.126,28860,3468,21108
22:53:59.688,28860,3468,21108
22:54:01.248,28860,3468,21108
22:54:02.811,28860,3468,21108
22:54:04.370,28860,3468,21108
22:54:05.929,28860,3468,21108
22:54:07.525,28860,3468,21108
22:54:09.087,28860,3468,21108
22:54:10.679,28860,3468,21108
22:54:12.249,28860,3468,21108
22:54:13.841,28860,3468,21108
22:54:15.442,28860,3468,21108
22:54:17.054,28860,3468,21108
22:54:18.644,28860,3468,21108
22:54:20.186,28860,3468,21108
22:54:21.748,28860,3468,21108
22:54:23.281,28860,3468,21108
22:54:24.868,28860,3468,21108
22:54:26.423,28860,3468,21108
22:54:28.134,28860,3468,21108
22:54:29.754,28860,3468,21108
22:54:31.293,28860,3468,21108
22:54:32.872,28860,3468,21108
22:54:34.468,28860,3468,21108
22:54:36.052,28860,3468,21108
22:54:37.645,28860,3468,21108
22:54:39.214,28860,3468,21108
22:54:40.758,28860,3468,21108
22:54:42.306,28860,3468,21108
22:54:43.900,28860,3468,21108
22:54:45.458,28860,3468,21108
22:54:47.082,28860,3468,21108
22:54:48.682,28860,3468,21108
22:54:50.229,28860,3468,21108
22:54:51.784,28860,3468,21108
22:54:53.333,28860,3468,21108
22:54:54.880,28860,3468,21108
22:54:56.447,28860,3468,21108
22:54:58.131,28860,3468,21108
22:54:59.725,28860,3468,21108
22:55:01.289,28860,3468,21108
22:55:02.840,28860,3468,21108
22:55:04.385,28860,3468,21108
22:55:05.942,28860,3468,21108
22:55:07.536,28860,3468,21108
22:55:09.135,28860,3468,21108
22:55:10.762,28860,3468,21108
22:55:12.328,28860,3468,21108
22:55:13.890,28860,3468,21108
22:55:15.524,28860,3468,21108
22:55:17.125,28860,3468,21108
22:55:18.692,28860,3468,21108
22:55:20.284,28860,3468,21108
22:55:21.864,28860,3468,21108
22:55:23.399,28860,3468,21108
22:55:24.969,28860,3468,21108
22:55:26.574,28860,3468,21108
22:55:28.228,28860,3468,21108
22:55:29.816,28860,3468,21108
22:55:31.366,28860,3468,21108
22:55:32.909,28860,3468,21108
22:55:34.515,28860,3468,21108
22:55:36.073,28860,3468,21108
22:55:37.669,28860,3468,21108
22:55:39.293,28860,3468,21108
22:55:40.809,28860,3468,21108
22:55:42.364,28860,3468,21108
22:55:43.910,28860,3468,21108
22:55:45.456,28860,3468,21108
22:55:47.029,28860,3468,21108
22:55:48.650,28860,3468,21108
22:55:50.221,28860,3468,21108
22:55:51.781,28860,3468,21108
22:55:53.351,28860,3468,21108
22:55:54.914,28860,3468,21108
22:55:56.500,28860,3468,21108
22:55:58.163,28860,3468,21108
22:55:59.724,28860,3468,21108
22:56:01.260,28860,3468,21108
22:56:02.823,28860,3468,21108
22:56:04.393,28860,3468,21108
22:56:05.988,28860,3468,21108
22:56:07.579,28860,3468,21108
22:56:09.125,28860,3468,21108
22:56:10.669,28860,3468,21108
22:56:12.203,28860,3468,21108
22:56:13.800,28860,3468,21108
22:56:15.404,28860,3468,21108
22:56:17.025,28860,3468,21108
22:56:18.570,28860,3468,21108
22:56:20.121,28860,3468,21108
22:56:21.680,28860,3468,21108
22:56:23.269,28860,3468,21108
22:56:24.868,28860,3468,21108
22:56:26.433,28860,3468,21108
22:56:28.183,28860,3468,21108
22:56:29.765,28860,3468,21108
22:56:31.365,28860,3468,21108
22:56:32.930,28860,3468,21108
22:56:34.532,28860,3468,21108
22:56:36.066,28860,3468,21108
22:56:37.612,28860,3468,21108
22:56:39.199,28860,3468,21108
22:56:40.794,28860,3468,21108
22:56:42.385,28860,3468,21108
22:56:43.941,28860,3468,21108
22:56:45.487,28860,3468,21108
22:56:47.079,28860,3468,21108
22:56:48.642,28860,3468,21108
22:56:50.249,28860,3468,21108
22:56:51.808,28860,3468,21108
22:56:53.407,28860,3468,21108
22:56:54.984,28860,3468,21108
22:56:56.560,28860,3468,21108
22:56:58.266,28860,3468,21108
22:56:59.853,28860,3468,21108
22:57:01.382,28860,3468,21108
22:57:02.926,28860,3468,21108
22:57:04.503,28860,3468,21108
22:57:06.086,28860,3468,21108
22:57:07.666,28860,3468,21108
22:57:09.184,28860,3468,21108
22:57:10.753,28860,3468,21108
22:57:12.310,28860,3468,21108
22:57:13.918,28860,3468,21108
22:57:15.467,28860,3468,21108
22:57:17.108,28860,3468,21108
22:57:18.717,28860,3468,21108
22:57:20.309,28860,3468,21108
22:57:21.885,28860,3468,21108
22:57:23.454,28860,3468,21108
22:57:24.994,28860,3468,21108
22:57:26.560,28860,3468,21108
22:57:28.224,28860,3468,21108
22:57:29.795,28860,3468,21108
22:57:31.328,28860,3468,21108
22:57:32.871,28860,3468,21108
22:57:34.467,28860,3468,21108
22:57:36.021,28860,3468,21108
22:57:37.618,28860,3468,21108
22:57:39.204,28860,3468,21108
22:57:40.743,28860,3468,21108
22:57:42.324,28860,3468,21108
22:57:43.882,28860,3468,21108
22:57:45.486,28860,3468,21108
22:57:47.027,28860,3468,21108
22:57:48.590,28860,3468,21108
22:57:50.173,28860,3468,21108
22:57:51.732,28860,3468,21108
22:57:53.307,28860,3468,21108
22:57:54.836,28860,3468,21108
22:57:56.387,28860,3468,21108
22:57:58.128,28860,3468,21108
22:57:59.710,28860,3468,21108
22:58:01.272,28860,3468,21108
22:58:02.844,28860,3468,21108
22:58:04.402,28860,3468,21108
22:58:05.969,28860,3468,21108
22:58:07.561,28860,3468,21108
22:58:09.149,28860,3468,21108
22:58:10.769,28860,3468,21108
22:58:12.346,28860,3468,21108
22:58:13.896,28860,3468,21108
22:58:15.447,28860,3468,21108
22:58:17.022,28860,3468,21108
22:58:18.657,28860,3468,21108
22:58:20.225,28860,3468,21108
22:58:21.821,28860,3468,21108
22:58:23.346,28860,3468,21108
22:58:24.880,28860,3468,21108
22:58:26.471,28860,3468,21108
22:58:28.190,28860,3468,21108
22:58:29.769,28860,3468,21108
22:58:31.370,28860,3468,21108
22:58:32.914,28860,3468,21108
22:58:34.446,28860,3468,21108
22:58:36.005,28860,3468,21108
22:58:37.572,28860,3468,21108
22:58:39.163,28860,3468,21108
22:58:40.759,28860,3468,21108
22:58:42.338,28860,3468,21108
22:58:43.868,28860,3468,21108
22:58:45.449,28860,3468,21108
22:58:47.001,28860,3468,21108
22:58:48.565,28860,3468,21108
22:58:50.177,28860,3468,21108
22:58:51.760,28860,3468,21108
22:58:53.347,28860,3468,21108
22:58:54.862,28860,3468,21108
22:58:56.373,28860,3468,21108
22:58:58.134,28860,3468,21108
22:58:59.730,28860,3468,21108
22:59:01.348,28860,3468,21108
22:59:02.924,28860,3468,21108
22:59:04.450,28860,3468,21108
22:59:06.022,28860,3468,21108
22:59:07.579,28860,3468,21108
22:59:09.147,28860,3468,21108
22:59:10.761,28860,3468,21108
22:59:12.324,28860,3468,21108
22:59:13.843,28860,3468,21108
22:59:15.370,28860,3468,21108
22:59:16.962,28860,3468,21108
22:59:18.578,28860,3468,21108
22:59:20.150,28860,3468,21108
22:59:21.749,28860,3468,21108
22:59:23.291,28860,3468,21108
22:59:24.839,28860,3468,21108
22:59:26.383,28860,3468,21108
22:59:28.043,28860,3468,21108
22:59:29.639,28860,3468,21108
22:59:31.235,28860,3468,21108
22:59:32.789,28860,3468,21108
22:59:34.341,28860,3468,21108
22:59:35.869,28860,3468,21108
22:59:37.416,28860,3468,21108
22:59:38.965,28860,3468,21108
22:59:40.591,28860,3468,21108
22:59:42.172,28860,3468,21108
22:59:43.754,28860,3468,21108
22:59:45.318,28860,3468,21108
22:59:46.873,28860,3468,21108
22:59:48.447,28860,3468,21108
22:59:50.026,28860,3468,21108
22:59:51.600,28860,3468,21108
22:59:53.150,28860,3468,21108
22:59:54.739,28860,3468,21108
22:59:56.315,28860,3468,21108
22:59:58.033,28860,3468,21108
22:59:59.633,28860,3468,21108
23:00:01.218,28860,3468,21108
23:00:02.765,28860,3468,21108
23:00:04.303,28860,3468,21108
23:00:05.861,28860,3468,21108
23:00:07.417,28860,3468,21108
23:00:08.987,28860,3468,21108
23:00:10.531,28860,3468,21108
23:00:12.088,28860,3468,21108
23:00:13.658,28860,3468,21108
23:00:15.250,28860,3468,21108
23:00:16.830,28860,3468,21108
23:00:18.375,28860,3468,21108
23:00:19.980,28860,3468,21108
23:00:21.547,28860,3468,21108
23:00:23.132,28860,3468,21108
23:00:24.748,28860,3468,21108
23:00:26.291,28860,3468,21108
23:00:27.919,28860,3468,21108
23:00:29.539,28860,3468,21108
23:00:31.111,28860,3468,21108
23:00:32.724,28860,3468,21108
23:00:34.294,28860,3468,21108
23:00:35.869,28860,3468,21108
23:00:37.403,28860,3468,21108
23:00:38.958,28860,3468,21108
23:00:40.530,28860,3468,21108
23:00:42.108,28860,3468,21108
23:00:43.684,28860,3468,21108
23:00:45.270,28860,3468,21108
23:00:46.847,28860,3468,21108
23:00:48.430,28860,3468,21108
23:00:50.005,28860,3468,21108
23:00:51.642,28860,3468,21108
23:00:53.195,28860,3468,21108
23:00:54.778,28860,3468,21108
23:00:56.305,28860,3468,21108
23:00:58.027,28860,3468,21108
23:00:59.651,28860,3468,21108
23:01:01.182,28860,3468,21108
23:01:02.709,28860,3468,21108
23:01:04.271,28860,3468,21108
23:01:05.874,28860,3468,21108
23:01:07.482,28860,3468,21108
23:01:09.066,28860,3468,21108
23:01:10.654,28860,3468,21108
23:01:12.228,28860,3468,21108
23:01:13.802,28860,3468,21108
23:01:15.383,28860,3468,21108
23:01:16.942,28860,3468,21108
23:01:18.506,28860,3468,21108
23:01:20.083,28860,3468,21108
23:01:21.668,28860,3468,21108
23:01:23.239,28860,3468,21108
23:01:24.794,28860,3468,21108
23:01:26.343,28860,3468,21108
23:01:27.992,28860,3468,21108
23:01:29.610,28860,3468,21108
23:01:31.190,28860,3468,21108
23:01:32.748,28860,3468,21108
23:01:34.278,28860,3468,21108
23:01:35.845,28860,3468,21108
23:01:37.390,28860,3468,21108
23:01:38.984,28860,3468,21108
23:01:40.603,28860,3468,21108
23:01:42.211,28860,3468,21108
23:01:43.786,28860,3468,21108
23:01:45.308,28860,3468,21108
23:01:46.858,28860,3468,21108
23:01:48.461,28860,3468,21108
23:01:50.023,28860,3468,21108
23:01:51.620,28860,3468,21108
23:01:53.200,28860,3468,21108
23:01:54.754,28860,3468,21108
23:01:56.304,28860,3468,21108
23:01:57.909,28860,3468,21108
23:01:59.546,28860,3468,21108
23:02:01.150,28860,3468,21108
23:02:02.749,28860,3468,21108
23:02:04.342,28860,3468,21108
23:02:05.864,28860,3468,21108
23:02:07.415,28860,3468,21108
23:02:08.986,28860,3468,21108
23:02:10.562,28860,3468,21108
23:02:12.148,28860,3468,21108
23:02:13.753,28860,3468,21108
23:02:15.304,28860,3468,21108
23:02:16.851,28860,3468,21108
23:02:18.428,28860,3468,21108
23:02:19.983,28860,3468,21108
23:02:21.556,28860,3468,21108
23:02:23.103,28860,3468,21108
23:02:24.710,28860,3468,21108
23:02:26.304,28860,3468,21108
23:02:27.875,28860,3468,21108
23:02:29.486,28860,3468,21108
23:02:31.048,28860,3468,21108
23:02:32.611,28860,3468,21108
23:02:34.223,28860,3468,21108
23:02:35.777,28860,3468,21108
23:02:37.292,28860,3468,21108
23:02:38.817,28860,3468,21108
23:02:40.364,28860,3468,21108
23:02:41.923,28860,3468,21108
23:02:43.509,28860,3468,21108
23:02:45.083,28860,3468,21108
23:02:46.643,28860,3468,21108
23:02:48.168,28860,3468,21108
23:02:49.753,28860,3468,21108
23:02:51.305,28860,3468,21108
23:02:52.852,28860,3468,21108
23:02:54.452,28860,3468,21108
23:02:56.052,28860,3468,21108
23:02:57.588,28860,3468,21108
23:02:59.168,28860,3468,21108
23:03:00.737,28860,3468,21108
23:03:02.300,28860,3468,21108
23:03:03.882,28860,3468,21108
23:03:05.468,28860,3468,21108
23:03:07.054,28860,3468,21108
23:03:08.649,28860,3468,21108
23:03:10.196,28860,3468,21108
23:03:11.727,28860,3468,21108
23:03:13.325,28860,3468,21108
23:03:14.875,28860,3468,21108
23:03:16.449,28860,3468,21108
23:03:18.059,28860,3468,21108
23:03:19.620,28860,3468,21108
23:03:21.151,28860,3468,21108
23:03:22.707,28860,3468,21108
23:03:24.230,28860,3468,21108
23:03:25.789,28860,3468,21108
23:03:27.402,28860,3468,21108
23:03:28.981,28860,3468,21108
23:03:30.570,28860,3468,21108
23:03:32.144,28860,3468,21108
23:03:33.736,28860,3468,21108
23:03:35.328,28860,3468,21108
23:03:36.879,28860,3468,21108
23:03:38.495,28860,3468,21108
23:03:40.062,28860,3468,21108
23:03:41.622,28860,3468,21108
23:03:43.283,28860,3468,21108
23:03:44.857,28860,3468,21108
23:03:46.446,28860,3468,21108
23:03:48.079,28860,3468,21108
23:03:49.672,28860,3468,21108
23:03:51.210,28860,3468,21108
23:03:52.762,28860,3468,21108
23:03:54.323,28860,3468,21108
23:03:55.893,28860,3468,21108
23:03:57.466,28860,3468,21108
23:03:59.096,28860,3468,21108
23:04:00.662,28860,3468,21108
23:04:02.205,28860,3468,21108
23:04:03.766,28860,3468,21108
23:04:05.336,28860,3468,21108
23:04:06.891,28860,3468,21108
23:04:08.461,28860,3468,21108
23:04:10.012,28860,3468,21108
23:04:11.548,28860,3468,21108
23:04:13.210,28860,3468,21108
23:04:14.780,28860,3468,21108
23:04:16.402,28860,3468,21108
23:04:17.979,28860,3468,21108
23:04:19.571,28860,3468,21108
23:04:21.124,28860,3468,21108
23:04:22.661,28860,3468,21108
23:04:24.232,28860,3468,21108
23:04:25.836,28860,3468,21108
23:04:27.451,28860,3468,21108
23:04:29.101,28860,3468,21108
23:04:30.682,28860,3468,21108
23:04:32.225,28860,3468,21108
23:04:33.795,28860,3468,21108
23:04:35.347,28860,3468,21108
23:04:36.906,28860,3468,21108
23:04:38.523,28860,3468,21108
23:04:40.090,28860,3468,21108
23:04:41.665,28860,3468,21108
23:04:43.277,28860,3468,21108
23:04:44.852,28860,3468,21108
23:04:46.428,28860,3468,21108
23:04:48.024,28860,3468,21108
23:04:49.557,28860,3468,21108
23:04:51.101,28860,3468,21108
23:04:52.670,28860,3468,21108
23:04:54.229,28860,3468,21108
23:04:55.819,28860,3468,21108
23:04:57.388,28860,3468,21108
23:04:58.952,28860,3468,21108
23:05:00.543,28860,3468,21108
23:05:02.091,28860,3468,21108
23:05:03.666,28860,3468,21108
23:05:05.245,28860,3468,21108
23:05:06.842,28860,3468,21108
23:05:08.405,28860,3468,21108
23:05:09.959,28860,3468,21108
23:05:11.513,28860,3468,21108
23:05:13.189,28860,3468,21108
23:05:14.744,28860,3468,21108
23:05:16.350,28860,3468,21108
23:05:17.910,28860,3468,21108
23:05:19.450,28860,3468,21108
23:05:21.031,28860,3468,21108
23:05:22.666,28860,3468,21108
23:05:24.228,28860,3468,21108
23:05:25.795,28860,3468,21108
23:05:27.329,28860,3468,21108
23:05:28.852,28860,3468,21108
23:05:30.449,28860,3468,21108
23:05:32.030,28860,3468,21108
23:05:33.588,28860,3468,21108
23:05:35.151,28860,3468,21108
23:05:36.709,28860,3468,21108
23:05:38.262,28860,3468,21108
23:05:39.845,28860,3468,21108
23:05:41.407,28860,3468,21108
23:05:43.150,28860,3468,21108
23:05:44.766,28860,3468,21108
23:05:46.334,28860,3468,21108
23:05:47.883,28860,3468,21108
23:05:49.437,28860,3468,21108
23:05:51.048,28860,3468,21108
23:05:52.624,28860,3468,21108
23:05:54.187,28860,3468,21108
23:05:55.769,28860,3468,21108
23:05:57.330,28860,3468,21108
23:05:58.851,28860,3468,21108
23:06:00.397,28860,3468,21108
23:06:01.999,28860,3468,21108
23:06:03.561,28860,3468,21108
23:06:05.159,28860,3468,21108
23:06:06.710,28860,3468,21108
23:06:08.245,28860,3468,21108
23:06:09.830,28860,3468,21108
23:06:11.390,28860,3468,21108
23:06:13.045,28860,3468,21108
23:06:14.652,28860,3468,21108
23:06:16.265,28860,3468,21108
23:06:17.827,28860,3468,21108
23:06:19.398,28860,3468,21108
23:06:20.956,28860,3468,21108
23:06:22.560,28860,3468,21108
23:06:24.130,28860,3468,21108
23:06:25.707,28860,3468,21108
23:06:27.309,28860,3468,21108
23:06:28.863,28860,3468,21108
23:06:30.419,28860,3468,21108
23:06:31.979,28860,3468,21108
23:06:33.595,28860,3468,21108
23:06:35.228,28860,3468,21108
23:06:36.832,28860,3468,21108
23:06:38.387,28860,3468,21108
23:06:39.932,28860,3468,21108
23:06:41.526,28860,3468,21108
23:06:43.217,28860,3468,21108
23:06:44.792,28860,3468,21108
23:06:46.382,28860,3468,21108
23:06:47.944,28860,3468,21108
23:06:49.506,28860,3468,21108
23:06:51.101,28860,3468,21108
23:06:52.686,28860,3468,21108
23:06:54.259,28860,3468,21108
23:06:55.842,28860,3468,21108
23:06:57.421,28860,3468,21108
23:06:58.964,28860,3468,21108
23:07:00.552,28860,3468,21108
23:07:02.142,28860,3468,21108
23:07:03.710,28860,3468,21108
23:07:05.310,28860,3468,21108
23:07:06.916,28860,3468,21108
23:07:08.441,28860,3468,21108
23:07:09.987,28860,3468,21108
23:07:11.530,28860,3468,21108
23:07:13.205,28860,3468,21108
23:07:14.796,28860,3468,21108
23:07:16.378,28860,3468,21108
23:07:17.909,28860,3468,21108
23:07:19.472,28860,3468,21108
23:07:21.013,28860,3468,21108
23:07:22.604,28860,3468,21108
23:07:24.227,28860,3468,21108
23:07:25.826,28860,3468,21108
23:07:27.388,28860,3468,21108
23:07:28.928,28860,3468,21108
23:07:30.502,28860,3468,21108
23:07:32.053,28860,3468,21108
23:07:33.621,28860,3468,21108
23:07:35.203,28860,3468,21108
23:07:36.744,28860,3468,21108
23:07:38.277,28860,3468,21108
23:07:39.854,28860,3468,21108
23:07:41.403,28860,3468,21108
23:07:43.126,28860,3468,21108
23:07:44.730,28860,3468,21108
23:07:46.286,28860,3468,21108
23:07:47.827,28860,3468,21108
23:07:49.387,28860,3468,21108
23:07:50.965,28860,3468,21108
23:07:52.553,28860,3468,21108
23:07:54.118,28860,3468,21108
23:07:55.656,28860,3468,21108
23:07:57.231,28860,3468,21108
23:07:58.846,28860,3468,21108
23:08:00.402,28860,3468,21108
23:08:01.969,28860,3468,21108
23:08:03.491,28860,3468,21108
23:08:05.067,28860,3468,21108
23:08:06.668,28860,3468,21108
23:08:08.268,28860,3468,21108
23:08:09.871,28860,3468,21108
23:08:11.427,28860,3468,21108
23:08:13.133,28860,3468,21108
23:08:14.725,28860,3468,21108
23:08:16.319,28860,3468,21108
23:08:17.880,28860,3468,21108
23:08:19.474,28860,3468,21108
23:08:21.017,28860,3468,21108
23:08:22.580,28860,3468,21108
23:08:24.153,28860,3468,21108
23:08:25.742,28860,3468,21108
23:08:27.377,28860,3468,21108
23:08:28.921,28860,3468,21108
23:08:30.493,28860,3468,21108
23:08:32.062,28860,3468,21108
23:08:33.606,28860,3468,21108
23:08:35.168,28860,3468,21108
23:08:36.733,28860,3468,21108
23:08:38.275,28860,3468,21108
23:08:39.842,28860,3468,21108
23:08:41.468,28860,3468,21108
23:08:43.168,28860,3468,21108
23:08:44.743,28860,3468,21108
23:08:46.344,28860,3468,21108
23:08:47.948,28860,3468,21108
23:08:49.472,28860,3468,21108
23:08:51.058,28860,3468,21108
23:08:52.647,28860,3468,21108
23:08:54.219,28860,3468,21108
23:08:55.819,28860,3468,21108
23:08:57.415,28860,3468,21108
23:08:59.042,28860,3468,21108
23:09:00.610,28860,3468,21108
23:09:02.151,28860,3468,21108
23:09:03.726,28860,3468,21108
23:09:05.305,28860,3468,21108
23:09:06.881,28860,3468,21108
23:09:08.509,28860,3468,21108
23:09:10.090,28860,3468,21108
23:09:11.648,28860,3468,21108
23:09:13.346,28860,3468,21108
23:09:14.894,28860,3468,21108
23:09:16.447,28860,3468,21108
23:09:18.002,28860,3468,21108
23:09:19.607,28860,3468,21108
23:09:21.187,28860,3468,21108
23:09:22.745,28860,3468,21108
23:09:24.318,28860,3468,21108
23:09:25.866,28860,3468,21108
23:09:27.448,28860,3468,21108
23:09:29.047,28860,3468,21108
23:09:30.701,28860,3468,21108
23:09:32.251,28860,3468,21108
23:09:33.831,28860,3468,21108
23:09:35.385,28860,3468,21108
23:09:36.944,28860,3468,21108
23:09:38.532,28860,3468,21108
23:09:40.109,28860,3468,21108
23:09:41.663,28860,3468,21108
23:09:43.265,28860,3468,21108
23:09:44.826,28860,3468,21108
23:09:46.387,28860,3468,21108
23:09:47.924,28860,3468,21108
23:09:49.519,28860,3468,21108
23:09:51.145,28860,3468,21108
23:09:52.703,28860,3468,21108
23:09:54.225,28860,3468,21108
23:09:55.789,28860,3468,21108
23:09:57.330,28860,3468,21108
23:09:58.912,28860,3468,21108
23:10:00.469,28860,3468,21108
23:10:02.104,28860,3468,21108
23:10:03.670,28860,3468,21108
23:10:05.211,28860,3468,21108
23:10:06.765,28860,3468,21108
23:10:08.338,28860,3468,21108
23:10:09.893,28860,3468,21108
23:10:11.469,28860,3468,21108
23:10:13.173,28860,3468,21108
23:10:14.748,28860,3468,21108
23:10:16.318,28860,3468,21108
23:10:17.869,28860,3468,21108
23:10:19.463,28860,3468,21108
23:10:21.078,28860,3468,21108
23:10:22.693,28860,3468,21108
23:10:24.289,28860,3468,21108
23:10:25.824,28860,3468,21108
23:10:27.354,28860,3468,21108
23:10:28.918,28860,3468,21108
23:10:30.460,28860,3468,21108
23:10:32.030,28860,3468,21108
23:10:33.645,28860,3468,21108
23:10:35.269,28860,3468,21108
23:10:36.807,28860,3468,21108
23:10:38.362,28860,3468,21108
23:10:39.903,28860,3468,21108
23:10:41.455,28860,3468,21108
23:10:43.145,28860,3468,21108
23:10:44.776,28860,3468,21108
23:10:46.351,28860,3468,21108
23:10:47.884,28860,3468,21108
23:10:49.448,28860,3468,21108
23:10:50.998,28860,3468,21108
23:10:52.575,28860,3468,21108
23:10:54.183,28860,3468,21108
23:10:55.802,28860,3468,21108
23:10:57.382,28860,3468,21108
23:10:58.907,28860,3468,21108
23:11:00.470,28860,3468,21108
23:11:02.059,28860,3468,21108
23:11:03.687,28860,3468,21108
23:11:05.274,28860,3468,21108
23:11:06.848,28860,3468,21108
23:11:08.350,28860,3468,21108
23:11:09.906,28860,3468,21108
23:11:11.465,28860,3468,21108
23:11:13.166,28860,3468,21108
23:11:14.745,28860,3468,21108
23:11:16.330,28860,3468,21108
23:11:17.882,28860,3468,21108
23:11:19.425,28860,3468,21108
23:11:20.975,28860,3468,21108
23:11:22.527,28860,3468,21108
23:11:24.087,28860,3468,21108
23:11:25.664,28860,3468,21108
23:11:27.221,28860,3468,21108
23:11:28.780,28860,3468,21108
23:11:30.323,28860,3468,21108
23:11:31.894,28860,3468,21108
23:11:33.521,28860,3468,21108
23:11:35.103,28860,3468,21108
23:11:36.702,28860,3468,21108
23:11:38.246,28860,3468,21108
23:11:39.801,28860,3468,21108
23:11:41.380,28860,3468,21108
23:11:43.127,28860,3468,21108
23:11:44.702,28860,3468,21108
23:11:46.296,28860,3468,21108
23:11:47.828,28860,3468,21108
23:11:49.401,28860,3468,21108
23:11:50.970,28860,3468,21108
23:11:52.522,28860,3468,21108
23:11:54.133,28860,3468,21108
23:11:55.688,28860,3468,21108
23:11:57.208,28860,3468,21108
23:11:58.790,28860,3468,21108
23:12:00.332,28860,3468,21108
23:12:01.880,28860,3468,21108
23:12:03.467,28860,3468,21108
23:12:05.070,28860,3468,21108
23:12:06.623,28860,3468,21108
23:12:08.163,28860,3468,21108
23:12:09.753,28860,3468,21108
23:12:11.364,28860,3468,21108
23:12:13.084,28860,3468,21108
23:12:14.643,28860,3468,21108
23:12:16.244,28860,3468,21108
23:12:17.830,28860,3468,21108
23:12:19.387,28860,3468,21108
23:12:20.938,28860,3468,21108
23:12:22.554,28860,3468,21108
23:12:24.131,28860,3468,21108
23:12:25.708,28860,3468,21108
23:12:27.268,28860,3468,21108
23:12:28.844,28860,3468,21108
23:12:30.404,28860,3468,21108
23:12:31.963,28860,3468,21108
23:12:33.579,28860,3468,21108
23:12:35.179,28860,3468,21108
23:12:36.769,28860,3468,21108
23:12:38.301,28860,3468,21108
23:12:39.847,28860,3468,21108
23:12:41.407,28860,3468,21108
23:12:43.141,28860,3468,21108
23:12:44.719,28860,3468,21108
23:12:46.286,28860,3468,21108
23:12:47.821,28860,3468,21108
23:12:49.399,28860,3468,21108
23:12:50.964,28860,3468,21108
23:12:52.523,28860,3468,21108
23:12:54.118,28860,3468,21108
23:12:55.736,28860,3468,21108
23:12:57.301,28860,3468,21108
23:12:58.839,28860,3468,21108
23:13:00.389,28860,3468,21108
23:13:01.966,28860,3468,21108
23:13:03.545,28860,3468,21108
23:13:05.126,28860,3468,21108
23:13:06.762,28860,3468,21108
23:13:08.344,28860,3468,21108
23:13:09.868,28860,3468,21108
23:13:11.414,28860,3468,21108
23:13:13.200,28860,3468,21108
23:13:14.761,28860,3468,21108
23:13:16.352,28860,3468,21108
23:13:17.929,28860,3468,21108
23:13:19.488,28860,3468,21108
23:13:21.034,28860,3468,21108
23:13:22.599,28860,3468,21108
23:13:24.166,28860,3468,21108
23:13:25.722,28860,3468,21108
23:13:27.335,28860,3468,21108
23:13:28.881,28860,3468,21108
23:13:30.419,28860,3468,21108
23:13:31.957,28860,3468,21108
23:13:33.544,28860,3468,21108
23:13:35.126,28860,3468,21108
23:13:36.722,28860,3468,21108
23:13:38.303,28860,3468,21108
23:13:39.820,28860,3468,21108
23:13:41.393,28860,3468,21108
23:13:43.047,28860,3468,21108
23:13:44.603,28860,3468,21108
23:13:46.224,28860,3468,21108
23:13:47.823,28860,3468,21108
23:13:49.421,28860,3468,21108
23:13:51.002,28860,3468,21108
23:13:52.561,28860,3468,21108
23:13:54.192,28860,3468,21108
23:13:55.770,28860,3468,21108
23:13:57.327,28860,3468,21108
23:13:58.885,28860,3468,21108
23:14:00.440,28860,3468,21108
23:14:02.031,28860,3468,21108
23:14:03.589,28860,3468,21108
23:14:05.144,28860,3468,21108
23:14:06.759,28860,3468,21108
23:14:08.288,28860,3468,21108
23:14:09.855,28860,3468,21108
23:14:11.413,28860,3468,21108
23:14:13.104,28860,3468,21108
23:14:14.671,28860,3468,21108
23:14:16.250,28860,3468,21108
23:14:17.843,28860,3468,21108
23:14:19.376,28860,3468,21108
23:14:20.927,28860,3468,21108
23:14:22.490,28860,3468,21108
23:14:24.065,28860,3468,21108
23:14:25.687,28860,3468,21108
23:14:27.243,28860,3468,21108
23:14:28.840,28860,3468,21108
23:14:30.419,28860,3468,21108
23:14:32.004,28860,3468,21108
23:14:33.609,28860,3468,21108
23:14:35.173,28860,3468,21108
23:14:36.712,28860,3468,21108
23:14:38.270,28860,3468,21108
23:14:39.855,28860,3468,21108
23:14:41.451,28860,3468,21108
23:14:43.130,28860,3468,21108
23:14:44.706,28860,3468,21108
23:14:46.257,28860,3468,21108
23:14:47.809,28860,3468,21108
23:14:49.385,28860,3468,21108
23:14:50.948,28860,3468,21108
23:14:52.510,28860,3468,21108
23:14:54.058,28860,3468,21108
23:14:55.624,28860,3468,21108
23:14:57.199,28860,3468,21108
23:14:58.786,28860,3468,21108
23:15:00.355,28860,3468,21108
23:15:01.887,28860,3468,21108
23:15:03.442,28860,3468,21108
23:15:05.029,28860,3468,21108
23:15:06.602,28860,3468,21108
23:15:08.194,28860,3468,21108
23:15:09.778,28860,3468,21108
23:15:11.358,28860,3468,21108
23:15:13.036,28860,3468,21108
23:15:14.627,28860,3468,21108
23:15:16.185,28860,3468,21108
23:15:17.764,28860,3468,21108
23:15:19.310,28860,3468,21108
23:15:20.865,28860,3468,21108
23:15:22.487,28860,3468,21108
23:15:24.022,28860,3468,21108
23:15:25.641,28860,3468,21108
23:15:27.198,28860,3468,21108
23:15:28.751,28860,3468,21108
23:15:30.313,28860,3468,21108
23:15:31.884,28860,3468,21108
23:15:33.462,28860,3468,21108
23:15:35.042,28860,3468,21108
23:15:36.607,28860,3468,21108
23:15:38.154,28860,3468,21108
23:15:39.710,28860,3468,21108
23:15:41.322,28860,3468,21108
23:15:42.991,28860,3468,21108
23:15:44.562,28860,3468,21108
23:15:46.087,28860,3468,21108
23:15:47.666,28860,3468,21108
23:15:49.234,28860,3468,21108
23:15:50.830,28860,3468,21108
23:15:52.367,28860,3468,21108
23:15:53.931,28860,3468,21108
23:15:55.514,28860,3468,21108
23:15:57.087,28860,3468,21108
23:15:58.665,28860,3468,21108
23:16:00.240,28860,3468,21108
23:16:01.833,28860,3468,21108
23:16:03.365,28860,3468,21108
23:16:04.898,28860,3468,21108
23:16:06.452,28860,3468,21108
23:16:08.034,28860,3468,21108
23:16:09.642,28860,3468,21108
23:16:11.234,28860,3468,21108
23:16:12.892,28860,3468,21108
23:16:14.533,28860,3468,21108
23:16:16.100,28860,3468,21108
23:16:17.662,28860,3468,21108
23:16:19.249,28860,3468,21108
23:16:20.845,28860,3468,21108
23:16:22.413,28860,3468,21108
23:16:24.029,28860,3468,21108
23:16:25.553,28860,3468,21108
23:16:27.129,28860,3468,21108
23:16:28.703,28860,3468,21108
23:16:30.274,28860,3468,21108
23:16:31.839,28860,3468,21108
23:16:33.388,28860,3468,21108
23:16:35.010,28860,3468,21108
23:16:36.591,28860,3468,21108
23:16:38.145,28860,3468,21108
23:16:39.747,28860,3468,21108
23:16:41.310,28860,3468,21108
23:16:43.018,28860,3468,21108
23:16:44.631,28860,3468,21108
23:16:46.223,28860,3468,21108
23:16:47.751,28860,3468,21108
23:16:49.298,28860,3468,21108
23:16:50.864,28860,3468,21108
23:16:52.428,28860,3468,21108
23:16:54.015,28860,3468,21108
23:16:55.582,28860,3468,21108
23:16:57.188,28860,3468,21108
23:16:58.768,28860,3468,21108
23:17:00.348,28860,3468,21108
23:17:01.904,28860,3468,21108
23:17:03.483,28860,3468,21108
23:17:05.062,28860,3468,21108
23:17:06.669,28860,3468,21108
23:17:08.268,28860,3468,21108
23:17:09.828,28860,3468,21108
23:17:11.370,28860,3468,21108
23:17:13.070,28860,3468,21108
23:17:14.625,28860,3468,21108
23:17:16.193,28860,3468,21108
23:17:17.792,28860,3468,21108
23:17:19.420,28860,3468,21108
23:17:20.945,28860,3468,21108
23:17:22.512,28860,3468,21108
23:17:24.059,28860,3468,21108
23:17:25.647,28860,3468,21108
23:17:27.204,28860,3468,21108
23:17:28.826,28860,3468,21108
23:17:30.415,28860,3468,21108
23:17:31.938,28860,3468,21108
23:17:33.543,28860,3468,21108
23:17:35.122,28860,3468,21108
23:17:36.725,28860,3468,21108
23:17:38.310,28860,3468,21108
23:17:39.892,28860,3468,21108
23:17:41.470,28860,3468,21108
23:17:43.170,28860,3468,21108
23:17:44.777,28860,3468,21108
23:17:46.364,28860,3468,21108
23:17:47.925,28860,3468,21108
23:17:49.475,28860,3468,21108
23:17:51.065,28860,3468,21108
23:17:52.603,28860,3468,21108
23:17:54.144,28860,3468,21108
23:17:55.704,28860,3468,21108
23:17:57.280,28860,3468,21108
23:17:58.851,28860,3468,21108
23:18:00.411,28860,3468,21108
23:18:01.969,28860,3468,21108
23:18:03.518,28860,3468,21108
23:18:05.064,28860,3468,21108
23:18:06.599,28860,3468,21108
23:18:08.167,28860,3468,21108
23:18:09.779,28860,3468,21108
23:18:11.346,28860,3468,21108
23:18:12.967,28860,3468,21108
23:18:14.530,28860,3468,21108
23:18:16.090,28860,3468,21108
23:18:17.699,28860,3468,21108
23:18:19.290,28860,3468,21108
23:18:20.829,28860,3468,21108
23:18:22.363,28860,3468,21108
23:18:23.911,28860,3468,21108
23:18:25.446,28860,3468,21108
23:18:27.045,28860,3468,21108
23:18:28.631,28860,3468,21108
23:18:30.220,28860,3468,21108
23:18:31.755,28860,3468,21108
23:18:33.343,28860,3468,21108
23:18:34.891,28860,3468,21108
23:18:36.446,28860,3468,21108
23:18:38.013,28860,3468,21108
23:18:39.555,28860,3468,21108
23:18:41.114,28860,3468,21108
23:18:42.682,28860,3468,21108
23:18:44.299,28860,3468,21108
23:18:45.891,28860,3468,21108
23:18:47.507,28860,3468,21108
23:18:49.064,28860,3468,21108
23:18:50.612,28860,3468,21108
23:18:52.207,28860,3468,21108
23:18:53.807,28860,3468,21108
23:18:55.369,28860,3468,21108
23:18:56.943,28860,3468,21108
23:18:58.462,28860,3468,21108
23:19:00.059,28860,3468,21108
23:19:01.649,28860,3468,21108
23:19:03.241,28860,3468,21108
23:19:04.844,28860,3468,21108
23:19:06.385,28860,3468,21108
23:19:07.902,28860,3468,21108
23:19:09.469,28860,3468,21108
23:19:11.044,28860,3468,21108
23:19:12.631,28860,3468,21108
23:19:14.319,28860,3468,21108
23:19:15.867,28860,3468,21108
23:19:17.421,28860,3468,21108
23:19:18.978,28860,3468,21108
23:19:20.560,28860,3468,21108
23:19:22.155,28860,3468,21108
23:19:23.701,28860,3468,21108
23:19:25.248,28860,3468,21108
23:19:26.830,28860,3468,21108
23:19:28.390,28860,3468,21108
23:19:29.965,28860,3468,21108
23:19:31.510,28860,3468,21108
23:19:33.041,28860,3468,21108
23:19:34.617,28860,3468,21108
23:19:36.226,28860,3468,21108
23:19:37.842,28860,3468,21108
23:19:39.448,28860,3468,21108
23:19:41.036,28860,3468,21108
23:19:42.565,28860,3468,21108
23:19:44.249,28860,3468,21108
23:19:45.873,28860,3468,21108
23:19:47.487,28860,3468,21108
23:19:49.065,28860,3468,21108
23:19:50.664,28860,3468,21108
23:19:52.319,28860,3468,21108
23:19:53.886,28860,3468,21108
23:19:55.482,28860,3468,21108
23:19:57.024,28860,3468,21108
23:19:58.555,28860,3468,21108
23:20:00.098,28860,3468,21108
23:20:01.630,28860,3468,21108
23:20:03.299,28860,3468,21108
23:20:04.852,28860,3468,21108
23:20:06.387,28860,3468,21108
23:20:07.989,28860,3468,21108
23:20:09.567,28860,3468,21108

