key,Pr3:cn.cj.pe:CMCCSsoService
alias,Pri3
unit,(KB)
begin date,2018-02-03
end date,2018-02-03
count,33

,total,dalvik,native
min,33840.0,8196.0,21228.0
max,33840.0,8196.0,21228.0
avg,33840.0,8196.0,21228.0

14:14:38.070,33840,8196,21228
14:14:39.503,33840,8196,21228
14:14:41.047,33840,8196,21228
14:14:42.578,33840,8196,21228
14:14:44.110,33840,8196,21228
14:14:45.667,33840,8196,21228
14:14:47.243,33840,8196,21228
14:14:48.765,33840,8196,21228
14:14:50.283,33840,8196,21228
14:14:51.807,33840,8196,21228
14:14:53.347,33840,8196,21228
14:14:54.890,33840,8196,21228
14:14:56.392,33840,8196,21228
14:14:57.907,33840,8196,21228
14:14:59.434,33840,8196,21228
14:15:00.948,33840,8196,21228
14:15:02.477,33840,8196,21228
14:15:03.977,33840,8196,21228
14:15:05.567,33840,8196,21228
14:15:07.084,33840,8196,21228
14:15:08.619,33840,8196,21228
14:15:10.127,33840,8196,21228
14:15:11.644,33840,8196,21228
14:15:13.133,33840,8196,21228
14:15:14.672,33840,8196,21228
14:15:16.203,33840,8196,21228
14:15:17.721,33840,8196,21228
14:15:19.296,33840,8196,21228
14:15:20.811,33840,8196,21228
14:15:22.351,33840,8196,21228
14:15:23.925,33840,8196,21228
14:15:25.470,33840,8196,21228
14:15:27.047,33840,8196,21228

